Protocollo;Gruppo;DataOraIncidente;Localizzazione1;STRADA1;Localizzazione2;STRADA2;Strada02;Chilometrica;DaSpecificare;NaturaIncidente;particolaritastrade;TipoStrada;FondoStradale;Pavimentazione;Segnaletica;CondizioneAtmosferica;Traffico;Visibilita;Illuminazione;NUM_FERITI;NUM_RISERVATA;NUM_MORTI;NUM_ILLESI;Longitudine;Latitudine;Confermato;Progressivo;TipoVeicolo;StatoVeicolo;TipoPersona;Sesso;Tipolesione;Deceduto;DecedutoDopo;CinturaCascoUtilizzato;Airbag
1909668;13;03/05/2012 16:10;Provinciale entro l'abitato;VIA DI CASTEL FUSANO;all'intersezione semaforizzata con;VIA OSTIENSE;VIA OSTIENSE;;;Scontro frontale/laterale DX fra veicoli in marcia;Incrocio;Una carreggiata a doppio senso;Asciutto;Asfaltata;Verticale ed orizzontale;Sereno;Intenso;Buona;Ore Diurne;0;0;0;4;;;-1;1;Autocarro inferiore 35 q.;In marcia / fermata / arresto;Conducente;M;Illeso;0;;Non accertato;Inesploso
1909668;13;03/05/2012 16:10;Provinciale entro l'abitato;VIA DI CASTEL FUSANO;all'intersezione semaforizzata con;VIA OSTIENSE;VIA OSTIENSE;;;Scontro frontale/laterale DX fra veicoli in marcia;Incrocio;Una carreggiata a doppio senso;Asciutto;Asfaltata;Verticale ed orizzontale;Sereno;Intenso;Buona;Ore Diurne;0;0;0;4;;;-1;2;Autovettura privata;In marcia / fermata / arresto;Conducente;F;Illeso;0;;Non accertato;Inesploso
1909668;13;03/05/2012 16:10;Provinciale entro l'abitato;VIA DI CASTEL FUSANO;all'intersezione semaforizzata con;VIA OSTIENSE;VIA OSTIENSE;;;Scontro frontale/laterale DX fra veicoli in marcia;Incrocio;Una carreggiata a doppio senso;Asciutto;Asfaltata;Verticale ed orizzontale;Sereno;Intenso;Buona;Ore Diurne;0;0;0;4;;;-1;2;Autovettura privata;In marcia / fermata / arresto;Passeggero;M;Illeso;0;;Non accertato;Inesploso
1909668;13;03/05/2012 16:10;Provinciale entro l'abitato;VIA DI CASTEL FUSANO;all'intersezione semaforizzata con;VIA OSTIENSE;VIA OSTIENSE;;;Scontro frontale/laterale DX fra veicoli in marcia;Incrocio;Una carreggiata a doppio senso;Asciutto;Asfaltata;Verticale ed orizzontale;Sereno;Intenso;Buona;Ore Diurne;0;0;0;4;;;-1;2;Autovettura privata;In marcia / fermata / arresto;Passeggero;M;Illeso;0;;Non accertato;Inesploso
1909669;6;03/05/2012 10:30;Strada Urbana;VIA DI ACQUA BULLICANTE;all'intersezione semaforizzata con;VIA ROBERTO MALATESTA;VIA ROBERTO MALATESTA;;;Scontro laterale fra veicoli in marcia;Incrocio;Una carreggiata a doppio senso;Asciutto;Asfaltata;Verticale ed orizzontale;Sereno;Normale;Buona;Ore Diurne;0;0;0;3;;;-1;1;Autovettura privata;In marcia / fermata / arresto;Conducente;M;Illeso;0;;Utilizzato;Inesploso
1909669;6;03/05/2012 10:30;Strada Urbana;VIA DI ACQUA BULLICANTE;all'intersezione semaforizzata con;VIA ROBERTO MALATESTA;VIA ROBERTO MALATESTA;;;Scontro laterale fra veicoli in marcia;Incrocio;Una carreggiata a doppio senso;Asciutto;Asfaltata;Verticale ed orizzontale;Sereno;Normale;Buona;Ore Diurne;0;0;0;3;;;-1;2;Autovettura privata;In marcia / fermata / arresto;Conducente;M;Illeso;0;;Utilizzato;Inesploso
1909669;6;03/05/2012 10:30;Strada Urbana;VIA DI ACQUA BULLICANTE;all'intersezione semaforizzata con;VIA ROBERTO MALATESTA;VIA ROBERTO MALATESTA;;;Scontro laterale fra veicoli in marcia;Incrocio;Una carreggiata a doppio senso;Asciutto;Asfaltata;Verticale ed orizzontale;Sereno;Normale;Buona;Ore Diurne;0;0;0;3;;;-1;2;Autovettura privata;In marcia / fermata / arresto;Passeggero;M;Illeso;0;;Utilizzato;Inesploso
1909670;6;03/05/2012 15:45;Strada Urbana;LARGO IRPINIA;in prossimità;;del civico n. ;43;;Scontro frontale/laterale SX fra veicoli in marcia;Curva a visuale libera;Una carreggiata a senso unico di marcia;Asciutto;Asfaltata;Assente;Sereno;Normale;Buona;Ore Diurne;0;0;0;2;;;-1;1;Autovettura privata;In marcia / fermata / arresto;Conducente;F;Illeso;0;;Non accertato;Inesistente
1909670;6;03/05/2012 15:45;Strada Urbana;LARGO IRPINIA;in prossimità;;del civico n. ;43;;Scontro frontale/laterale SX fra veicoli in marcia;Curva a visuale libera;Una carreggiata a senso unico di marcia;Asciutto;Asfaltata;Assente;Sereno;Normale;Buona;Ore Diurne;0;0;0;2;;;-1;2;Autovettura privata;In marcia / fermata / arresto;Conducente;M;Illeso;0;;Non accertato;Inesistente
1909671;6;03/05/2012 17:35;Strada Urbana;VIA PRENESTINA;in prossimità;;del civico n. ;368 C;;Scontro frontale/laterale DX fra veicoli in marcia;Rettilineo;Una carreggiata a senso unico di marcia;Asciutto;Asfaltata;Assente;Sereno;Normale;Buona;Ore Diurne;1;0;0;1;;;-1;1;Ciclomotore;In marcia / fermata / arresto;Conducente;F;Rimandato;0;NON DECEDUTO;Non accertato;Inesistente
1909671;6;03/05/2012 17:35;Strada Urbana;VIA PRENESTINA;in prossimità;;del civico n. ;368 C;;Scontro frontale/laterale DX fra veicoli in marcia;Rettilineo;Una carreggiata a senso unico di marcia;Asciutto;Asfaltata;Assente;Sereno;Normale;Buona;Ore Diurne;1;0;0;1;;;-1;2;Autovettura privata;In marcia / fermata / arresto;Conducente;M;Illeso;0;;Non accertato;Inesistente
1909672;12;03/05/2012 17:30;Strada Urbana;VIALE DON PASQUINO BORGHI;in prossimità;;del palo luce n. ;20;;Scontro laterale fra veicoli in marcia;Rettilineo;Due carreggiate;Asciutto;Asfaltata;Orizzontale;Sereno;Normale;Buona;Ore Diurne;1;0;0;1;;;-1;1;Motociclo a solo;In marcia / fermata / arresto;Conducente;M;Rimandato;0;NON DECEDUTO;Utilizzato;Inesistente
1909672;12;03/05/2012 17:30;Strada Urbana;VIALE DON PASQUINO BORGHI;in prossimità;;del palo luce n. ;20;;Scontro laterale fra veicoli in marcia;Rettilineo;Due carreggiate;Asciutto;Asfaltata;Orizzontale;Sereno;Normale;Buona;Ore Diurne;1;0;0;1;;;-1;2;Autovettura privata;In marcia / fermata / arresto;Conducente;M;Illeso;0;;Utilizzato;Inesploso
1909673;6;03/05/2012 16:15;Strada Urbana;VIA PRENESTINA;in corrispondenza;;del civico n. ;174;;Tamponamento;Rettilineo;Due carreggiate;Asciutto;Asfaltata;Orizzontale;Sereno;Intenso;Buona;Ore Diurne;1;0;0;3;;;-1;1;Autocarro superiore 35 q.;In marcia / fermata / arresto;Conducente;M;Illeso;0;;Non accertato;Inesistente
1909673;6;03/05/2012 16:15;Strada Urbana;VIA PRENESTINA;in corrispondenza;;del civico n. ;174;;Tamponamento;Rettilineo;Due carreggiate;Asciutto;Asfaltata;Orizzontale;Sereno;Intenso;Buona;Ore Diurne;1;0;0;3;;;-1;1;Autocarro superiore 35 q.;In marcia / fermata / arresto;Passeggero;M;Illeso;0;;Non accertato;Inesistente
1909673;6;03/05/2012 16:15;Strada Urbana;VIA PRENESTINA;in corrispondenza;;del civico n. ;174;;Tamponamento;Rettilineo;Due carreggiate;Asciutto;Asfaltata;Orizzontale;Sereno;Intenso;Buona;Ore Diurne;1;0;0;3;;;-1;2;Autovettura privata;In marcia / fermata / arresto;Conducente;F;Rimandato;0;NON DECEDUTO;Non accertato;Inesistente
1909673;6;03/05/2012 16:15;Strada Urbana;VIA PRENESTINA;in corrispondenza;;del civico n. ;174;;Tamponamento;Rettilineo;Due carreggiate;Asciutto;Asfaltata;Orizzontale;Sereno;Intenso;Buona;Ore Diurne;1;0;0;3;;;-1;3;Autovettura privata;In marcia / fermata / arresto;Conducente;M;Illeso;0;;Non accertato;Inesistente
1909674;15;03/05/2012 17:45;Strada Urbana;LUNGOTEVERE DEGLI INVENTORI;all'intersezione con;VIA VINCENZO BRUNACCI;VIA VINCENZO BRUNACCI;;;Scontro frontale/laterale DX fra veicoli in marcia;Intersezione stradale segnalata;Una carreggiata a doppio senso;Asciutto;Asfaltata;Verticale ed orizzontale;Sereno;Normale;Buona;Ore Diurne;0;0;0;4;;;-1;1;Autovettura privata;In marcia / fermata / arresto;Conducente;F;Illeso;0;;Utilizzato;Inesistente
1909674;15;03/05/2012 17:45;Strada Urbana;LUNGOTEVERE DEGLI INVENTORI;all'intersezione con;VIA VINCENZO BRUNACCI;VIA VINCENZO BRUNACCI;;;Scontro frontale/laterale DX fra veicoli in marcia;Intersezione stradale segnalata;Una carreggiata a doppio senso;Asciutto;Asfaltata;Verticale ed orizzontale;Sereno;Normale;Buona;Ore Diurne;0;0;0;4;;;-1;1;Autovettura privata;In marcia / fermata / arresto;Passeggero;M;Illeso;0;;Utilizzato;Inesistente
1909674;15;03/05/2012 17:45;Strada Urbana;LUNGOTEVERE DEGLI INVENTORI;all'intersezione con;VIA VINCENZO BRUNACCI;VIA VINCENZO BRUNACCI;;;Scontro frontale/laterale DX fra veicoli in marcia;Intersezione stradale segnalata;Una carreggiata a doppio senso;Asciutto;Asfaltata;Verticale ed orizzontale;Sereno;Normale;Buona;Ore Diurne;0;0;0;4;;;-1;2;Ciclomotore;In marcia / fermata / arresto;Conducente;M;Illeso;0;;Utilizzato;Inesistente
1909674;15;03/05/2012 17:45;Strada Urbana;LUNGOTEVERE DEGLI INVENTORI;all'intersezione con;VIA VINCENZO BRUNACCI;VIA VINCENZO BRUNACCI;;;Scontro frontale/laterale DX fra veicoli in marcia;Intersezione stradale segnalata;Una carreggiata a doppio senso;Asciutto;Asfaltata;Verticale ed orizzontale;Sereno;Normale;Buona;Ore Diurne;0;0;0;4;;;-1;2;Ciclomotore;In marcia / fermata / arresto;Passeggero;F;Illeso;0;;Utilizzato;Inesistente
1909675;10;03/05/2012 19:20;Strada Urbana;VIA LEMONIA;da specificare;;;;prossimità v.le appio claudio;Tamponamento;Rettilineo;Due carreggiate;Asciutto;Asfaltata;Verticale ed orizzontale;Sereno;Normale;Buona;Ore Diurne;0;0;0;2;;;-1;1;Autovettura privata;In marcia / fermata / arresto;Conducente;M;Illeso;0;;Utilizzato;Inesploso
1909675;10;03/05/2012 19:20;Strada Urbana;VIA LEMONIA;da specificare;;;;prossimità v.le appio claudio;Tamponamento;Rettilineo;Due carreggiate;Asciutto;Asfaltata;Verticale ed orizzontale;Sereno;Normale;Buona;Ore Diurne;0;0;0;2;;;-1;2;Autovettura privata;In marcia / fermata / arresto;Conducente;F;Illeso;0;;Non accertato;Inesploso
1909676;15;03/05/2012 19:40;Strada Urbana;LUNGOTEVERE DI PIETRA PAPA;all'intersezione con;VIA LUCA VALERIO;VIA LUCA VALERIO;;;Veicolo in marcia contro ostacolo accidentale;Incrocio;Due carreggiate;Viscido da liquidi oleosi;Asfaltata;Assente;Sereno;Normale;Buona;Ore Diurne;0;0;0;1;;;-1;1;Motociclo a solo;In marcia / fermata / arresto;Conducente;M;Illeso;0;;Utilizzato;Inesistente
1909677;8;03/05/2012 16:35;Strada Urbana;VIA ANDREA NOALE;in prossimità;;del civico n. ;6;;Scontro frontale/laterale DX fra veicoli in marcia;Rettilineo;Una carreggiata a doppio senso;Asciutto;Asfaltata;Orizzontale;Sereno;Normale;Buona;Ore Diurne;0;0;0;3;;;-1;1;Autovettura privata;In marcia / fermata / arresto;Conducente;F;Illeso;0;;Non accertato;Inesistente
1909677;8;03/05/2012 16:35;Strada Urbana;VIA ANDREA NOALE;in prossimità;;del civico n. ;6;;Scontro frontale/laterale DX fra veicoli in marcia;Rettilineo;Una carreggiata a doppio senso;Asciutto;Asfaltata;Orizzontale;Sereno;Normale;Buona;Ore Diurne;0;0;0;3;;;-1;1;Autovettura privata;In marcia / fermata / arresto;Passeggero;M;Illeso;0;;Non accertato;Inesploso
1909677;8;03/05/2012 16:35;Strada Urbana;VIA ANDREA NOALE;in prossimità;;del civico n. ;6;;Scontro frontale/laterale DX fra veicoli in marcia;Rettilineo;Una carreggiata a doppio senso;Asciutto;Asfaltata;Orizzontale;Sereno;Normale;Buona;Ore Diurne;0;0;0;3;;;-1;1;Autovettura privata;In marcia / fermata / arresto;Passeggero;F;Illeso;0;;Non accertato;Inesploso
1909678;11;03/05/2012 21:15;Strada Urbana;VIALE GUGLIELMO MARCONI;all'intersezione semaforizzata con;VIA MACEDONIO MELLONI;VIA MACEDONIO MELLONI;;;Scontro laterale fra veicoli in marcia;Intersezione semaforizzata;Due carreggiate;Asciutto;Asfaltata;Verticale ed orizzontale;Sereno;Normale;Buona;Sufficiente;0;0;0;3;;;-1;1;Autovettura privata;In marcia / fermata / arresto;Conducente;M;Illeso;0;;Non accertato;Inesistente
1909678;11;03/05/2012 21:15;Strada Urbana;VIALE GUGLIELMO MARCONI;all'intersezione semaforizzata con;VIA MACEDONIO MELLONI;VIA MACEDONIO MELLONI;;;Scontro laterale fra veicoli in marcia;Intersezione semaforizzata;Due carreggiate;Asciutto;Asfaltata;Verticale ed orizzontale;Sereno;Normale;Buona;Sufficiente;0;0;0;3;;;-1;1;Autovettura privata;In marcia / fermata / arresto;Passeggero;F;Illeso;0;;Non accertato;Inesploso
1909678;11;03/05/2012 21:15;Strada Urbana;VIALE GUGLIELMO MARCONI;all'intersezione semaforizzata con;VIA MACEDONIO MELLONI;VIA MACEDONIO MELLONI;;;Scontro laterale fra veicoli in marcia;Intersezione semaforizzata;Due carreggiate;Asciutto;Asfaltata;Verticale ed orizzontale;Sereno;Normale;Buona;Sufficiente;0;0;0;3;;;-1;2;Autovettura pubblica;In marcia / fermata / arresto;Conducente;M;Illeso;0;;Non accertato;Inesploso
1909679;11;03/05/2012 19:40;Strada Urbana;LUNGOTEVERE DI S. PAOLO;all'intersezione semaforizzata con;VIALE DI S. PAOLO;VIALE DI S. PAOLO;;;Scontro laterale fra veicoli in marcia;Intersezione semaforizzata;Due carreggiate;Asciutto;Asfaltata;Verticale ed orizzontale;Sereno;Normale;Buona;Ore Diurne;0;0;0;2;;;-1;1;Autovettura privata;In marcia / fermata / arresto;Conducente;M;Illeso;0;;Non accertato;Inesistente
1909679;11;03/05/2012 19:40;Strada Urbana;LUNGOTEVERE DI S. PAOLO;all'intersezione semaforizzata con;VIALE DI S. PAOLO;VIALE DI S. PAOLO;;;Scontro laterale fra veicoli in marcia;Intersezione semaforizzata;Due carreggiate;Asciutto;Asfaltata;Verticale ed orizzontale;Sereno;Normale;Buona;Ore Diurne;0;0;0;2;;;-1;2;Autocarro inferiore 35 q.;In marcia / fermata / arresto;Conducente;M;Illeso;0;;Non accertato;Inesistente
1909680;11;03/05/2012 22:15;Strada Urbana;VIA APPIA PIGNATELLI;da specificare;;;;in prossimità 6° palo ACEA da VICOLO BASILICA.;Tamponamento;Rettilineo;Una carreggiata a senso unico di marcia;Asciutto;Asfaltata;Orizzontale;Sereno;Scarso;Sufficiente;Insufficiente;2;0;0;0;;;-1;1;Autovettura privata;In marcia / fermata / arresto;Conducente;F;Rimandato;0;NON DECEDUTO;Non accertato;Inesistente
1909680;11;03/05/2012 22:15;Strada Urbana;VIA APPIA PIGNATELLI;da specificare;;;;in prossimità 6° palo ACEA da VICOLO BASILICA.;Tamponamento;Rettilineo;Una carreggiata a senso unico di marcia;Asciutto;Asfaltata;Orizzontale;Sereno;Scarso;Sufficiente;Insufficiente;2;0;0;0;;;-1;2;Motociclo a solo;In marcia / fermata / arresto;Conducente;M;Rimandato;0;NON DECEDUTO;Non accertato;Inesistente
1909681;11;03/05/2012 07:30;Strada Urbana;VIA APPIA ANTICA;in prossimità;;del civico n. ;128;;Scontro laterale fra veicoli in marcia;Rettilineo;Una carreggiata a senso unico di marcia;Asciutto;Acciotolata;Verticale ed orizzontale;Sereno;Normale;Buona;Ore Diurne;0;0;0;2;;;-1;1;Autovettura privata;In marcia / fermata / arresto;Conducente;M;Illeso;0;;Non accertato;Inesploso
1909681;11;03/05/2012 07:30;Strada Urbana;VIA APPIA ANTICA;in prossimità;;del civico n. ;128;;Scontro laterale fra veicoli in marcia;Rettilineo;Una carreggiata a senso unico di marcia;Asciutto;Acciotolata;Verticale ed orizzontale;Sereno;Normale;Buona;Ore Diurne;0;0;0;2;;;-1;2;Autovettura privata;In marcia / fermata / arresto;Conducente;M;Illeso;0;;Non accertato;Inesploso
1909682;8;03/05/2012 21:30;Statale entro l'abitato;VIA CASILINA;in prossimità;;del civico n. ;1829;;Investimento di pedone;Rettilineo;Una carreggiata a doppio senso;Asciutto;Asfaltata;Verticale ed orizzontale;Sereno;Normale;Buona;Sufficiente;1;0;0;2;;;-1;;;;Pedone;M;Rimandato;0;NON DECEDUTO;;
1909682;8;03/05/2012 21:30;Statale entro l'abitato;VIA CASILINA;in prossimità;;del civico n. ;1829;;Investimento di pedone;Rettilineo;Una carreggiata a doppio senso;Asciutto;Asfaltata;Verticale ed orizzontale;Sereno;Normale;Buona;Sufficiente;1;0;0;2;;;-1;1;Autovettura privata;In marcia / fermata / arresto;Conducente;M;Illeso;0;;Non accertato;Inesistente
1909682;8;03/05/2012 21:30;Statale entro l'abitato;VIA CASILINA;in prossimità;;del civico n. ;1829;;Investimento di pedone;Rettilineo;Una carreggiata a doppio senso;Asciutto;Asfaltata;Verticale ed orizzontale;Sereno;Normale;Buona;Sufficiente;1;0;0;2;;;-1;1;Autovettura privata;In marcia / fermata / arresto;Passeggero;M;Illeso;0;;Non accertato;Inesistente
1909683;8;03/05/2012 10:00;Strada Urbana;VIA DI TOR BELLA MONACA;da specificare;;;;altezza semaforo fronte Chiesa;Scontro laterale fra veicoli in marcia;Rettilineo;Due carreggiate;Asciutto;Asfaltata;Verticale ed orizzontale;Sereno;Normale;Buona;Ore Diurne;0;0;0;1;;;-1;1;Autovettura privata;In marcia / fermata / arresto;Conducente;M;Illeso;0;;Non accertato;Inesistente
1909684;8;03/05/2012 19:15;Provinciale entro l'abitato;VIA PRENESTINA;in prossimità;;del civico n. ;1432;;Investimento di pedone;Rettilineo;Una carreggiata a doppio senso;Asciutto;Asfaltata;Orizzontale;Sereno;Scarso;Buona;Ore Diurne;1;0;0;1;;;-1;;;;Pedone;M;Illeso;0;;;
1909684;8;03/05/2012 19:15;Provinciale entro l'abitato;VIA PRENESTINA;in prossimità;;del civico n. ;1432;;Investimento di pedone;Rettilineo;Una carreggiata a doppio senso;Asciutto;Asfaltata;Orizzontale;Sereno;Scarso;Buona;Ore Diurne;1;0;0;1;;;-1;1;Ciclomotore;In marcia / fermata / arresto;Conducente;M;Rimandato;0;NON DECEDUTO;Non accertato;Inesistente
1909685;9;03/05/2012 07:50;Strada Urbana;VIA LATINA;da specificare;;;;pross. civ. 407;Veicolo in marcia contro ostacolo accidentale;Rettilineo;Una carreggiata a senso unico di marcia;Asciutto;Asfaltata;Orizzontale;Sereno;Normale;Buona;Ore Diurne;1;0;0;1;;;-1;1;Ciclomotore;In marcia / fermata / arresto;Conducente;M;Rimandato;0;NON DECEDUTO;Utilizzato;Inesistente
1909685;9;03/05/2012 07:50;Strada Urbana;VIA LATINA;da specificare;;;;pross. civ. 407;Veicolo in marcia contro ostacolo accidentale;Rettilineo;Una carreggiata a senso unico di marcia;Asciutto;Asfaltata;Orizzontale;Sereno;Normale;Buona;Ore Diurne;1;0;0;1;;;-1;2;Autovettura privata;In marcia / fermata / arresto;Conducente;M;Illeso;0;;Utilizzato;Inesistente
1909686;8;03/05/2012 18:00;Strada Urbana;VIA CASILINA;da specificare;;;;sotto cavalcavia G.R.A.;Scontro laterale fra veicoli in marcia;Rettilineo;Una carreggiata a senso unico di marcia;Asciutto;Asfaltata;Verticale ed orizzontale;Sereno;Normale;Buona;Ore Diurne;1;0;0;1;;;-1;1;Motociclo a solo;In marcia / fermata / arresto;Conducente;M;Rimandato;0;NON DECEDUTO;Non accertato;Inesistente
1909686;8;03/05/2012 18:00;Strada Urbana;VIA CASILINA;da specificare;;;;sotto cavalcavia G.R.A.;Scontro laterale fra veicoli in marcia;Rettilineo;Una carreggiata a senso unico di marcia;Asciutto;Asfaltata;Verticale ed orizzontale;Sereno;Normale;Buona;Ore Diurne;1;0;0;1;;;-1;2;Autovettura privata;In marcia / fermata / arresto;Conducente;M;Illeso;0;;Non accertato;Inesistente
1909687;11;03/05/2012 16:00;Strada Urbana;VIA CRISTOFORO COLOMBO;all'intersezione semaforizzata con;VIA ALESSANDRO SEVERO;VIA ALESSANDRO SEVERO;;;Scontro laterale fra veicoli in marcia;Intersezione semaforizzata;Più di due carreggiate;Asciutto;Asfaltata;Verticale ed orizzontale;Sereno;Normale;Buona;Ore Diurne;1;0;0;2;;;-1;1;Autovettura privata;In marcia / fermata / arresto;Conducente;F;Illeso;0;;Utilizzato;Inesploso
1909687;11;03/05/2012 16:00;Strada Urbana;VIA CRISTOFORO COLOMBO;all'intersezione semaforizzata con;VIA ALESSANDRO SEVERO;VIA ALESSANDRO SEVERO;;;Scontro laterale fra veicoli in marcia;Intersezione semaforizzata;Più di due carreggiate;Asciutto;Asfaltata;Verticale ed orizzontale;Sereno;Normale;Buona;Ore Diurne;1;0;0;2;;;-1;1;Autovettura privata;In marcia / fermata / arresto;Passeggero;F;Illeso;0;;Utilizzato;Inesploso
1909687;11;03/05/2012 16:00;Strada Urbana;VIA CRISTOFORO COLOMBO;all'intersezione semaforizzata con;VIA ALESSANDRO SEVERO;VIA ALESSANDRO SEVERO;;;Scontro laterale fra veicoli in marcia;Intersezione semaforizzata;Più di due carreggiate;Asciutto;Asfaltata;Verticale ed orizzontale;Sereno;Normale;Buona;Ore Diurne;1;0;0;2;;;-1;2;Motociclo a solo;In marcia / fermata / arresto;Conducente;M;Rifiuta cure immediate;0;NON DECEDUTO;Utilizzato;Inesistente
1909688;8;03/05/2012 17:50;Strada Urbana;VIA DEL CASALONE;all'intersezione con;VIA DEL CASALONE;VIA DEL CASALONE;;;Scontro frontale/laterale DX fra veicoli in marcia;Intersezione non regolata/non segnalata;Una carreggiata a doppio senso;Asciutto;Asfaltata;Verticale ed orizzontale;Sereno;Normale;Buona;Ore Diurne;2;0;0;1;;;-1;1;Autovettura privata;In marcia / fermata / arresto;Conducente;M;Rimandato;0;NON DECEDUTO;Non accertato;Inesistente
1909688;8;03/05/2012 17:50;Strada Urbana;VIA DEL CASALONE;all'intersezione con;VIA DEL CASALONE;VIA DEL CASALONE;;;Scontro frontale/laterale DX fra veicoli in marcia;Intersezione non regolata/non segnalata;Una carreggiata a doppio senso;Asciutto;Asfaltata;Verticale ed orizzontale;Sereno;Normale;Buona;Ore Diurne;2;0;0;1;;;-1;1;Autovettura privata;In marcia / fermata / arresto;Passeggero;F;Rimandato;0;NON DECEDUTO;Non accertato;Inesistente
1909688;8;03/05/2012 17:50;Strada Urbana;VIA DEL CASALONE;all'intersezione con;VIA DEL CASALONE;VIA DEL CASALONE;;;Scontro frontale/laterale DX fra veicoli in marcia;Intersezione non regolata/non segnalata;Una carreggiata a doppio senso;Asciutto;Asfaltata;Verticale ed orizzontale;Sereno;Normale;Buona;Ore Diurne;2;0;0;1;;;-1;2;Autovettura privata;In marcia / fermata / arresto;Conducente;M;Illeso;0;;Non accertato;Inesistente
1909689;8;03/05/2012 11:20;Strada Urbana;VIA DI TOR BELLA MONACA;da specificare;;;;cavalcavia Aspertini dir GRA;Scontro laterale fra veicoli in marcia;Cavalcavia;Due carreggiate;Asciutto;Asfaltata;Verticale ed orizzontale;Sereno;Normale;Buona;Ore Diurne;1;0;0;2;;;-1;1;Autovettura privata;In marcia / fermata / arresto;Conducente;F;Illeso;0;;Non accertato;Inesistente
1909689;8;03/05/2012 11:20;Strada Urbana;VIA DI TOR BELLA MONACA;da specificare;;;;cavalcavia Aspertini dir GRA;Scontro laterale fra veicoli in marcia;Cavalcavia;Due carreggiate;Asciutto;Asfaltata;Verticale ed orizzontale;Sereno;Normale;Buona;Ore Diurne;1;0;0;2;;;-1;1;Autovettura privata;In marcia / fermata / arresto;Passeggero;M;Illeso;0;;Non accertato;Inesistente
1909689;8;03/05/2012 11:20;Strada Urbana;VIA DI TOR BELLA MONACA;da specificare;;;;cavalcavia Aspertini dir GRA;Scontro laterale fra veicoli in marcia;Cavalcavia;Due carreggiate;Asciutto;Asfaltata;Verticale ed orizzontale;Sereno;Normale;Buona;Ore Diurne;1;0;0;2;;;-1;2;Motociclo a solo;In marcia / fermata / arresto;Conducente;M;Rifiuta cure immediate;0;NON DECEDUTO;Non accertato;Inesistente
1909690;8;03/05/2012 14:40;Strada Urbana;VIALE DELLA SORBONA;da specificare;;;;prima rotatoria successiva a quella del PTV;Scontro laterale fra veicoli in marcia;Rotatoria;Una carreggiata a senso unico di marcia;Asciutto;Asfaltata;Verticale ed orizzontale;Sereno;Normale;Buona;Ore Diurne;0;0;0;3;;;-1;1;Autovettura privata;In marcia / fermata / arresto;Conducente;M;Illeso;0;;Non accertato;Inesploso
1909690;8;03/05/2012 14:40;Strada Urbana;VIALE DELLA SORBONA;da specificare;;;;prima rotatoria successiva a quella del PTV;Scontro laterale fra veicoli in marcia;Rotatoria;Una carreggiata a senso unico di marcia;Asciutto;Asfaltata;Verticale ed orizzontale;Sereno;Normale;Buona;Ore Diurne;0;0;0;3;;;-1;2;Autovettura privata;In marcia / fermata / arresto;Conducente;F;Illeso;0;;Non accertato;Inesploso
1909690;8;03/05/2012 14:40;Strada Urbana;VIALE DELLA SORBONA;da specificare;;;;prima rotatoria successiva a quella del PTV;Scontro laterale fra veicoli in marcia;Rotatoria;Una carreggiata a senso unico di marcia;Asciutto;Asfaltata;Verticale ed orizzontale;Sereno;Normale;Buona;Ore Diurne;0;0;0;3;;;-1;2;Autovettura privata;In marcia / fermata / arresto;Passeggero;F;Illeso;0;;Non accertato;Inesistente
1909691;9;03/05/2012 11:30;Strada Urbana;VIA APPIA NUOVA;da specificare;;;;PROSS. VIA TORTONA;Veicolo in marcia contro veicolo in sosta;Rettilineo;Due carreggiate;Asciutto;Asfaltata;Verticale ed orizzontale;Sereno;Normale;Buona;Ore Diurne;0;0;0;2;;;-1;1;Autovettura privata;In marcia / fermata / arresto;Conducente;M;Illeso;0;;Non accertato;Inesistente
1909691;9;03/05/2012 11:30;Strada Urbana;VIA APPIA NUOVA;da specificare;;;;PROSS. VIA TORTONA;Veicolo in marcia contro veicolo in sosta;Rettilineo;Due carreggiate;Asciutto;Asfaltata;Verticale ed orizzontale;Sereno;Normale;Buona;Ore Diurne;0;0;0;2;;;-1;2;Autocarro inferiore 35 q.;Sosta;Conducente;M;Illeso;0;;Non accertato;Inesistente
1909692;8;03/05/2012 12:20;Strada Urbana;VIA CASILINA;in corrispondenza;;del palo luce n. ;450;;Tamponamento Multiplo;Rettilineo;Una carreggiata a doppio senso;Asciutto;Asfaltata;Verticale ed orizzontale;Sereno;Normale;Buona;Ore Diurne;0;0;0;3;;;-1;1;Autovettura privata;In marcia / fermata / arresto;Conducente;F;Illeso;0;;Non accertato;Inesistente
1909692;8;03/05/2012 12:20;Strada Urbana;VIA CASILINA;in corrispondenza;;del palo luce n. ;450;;Tamponamento Multiplo;Rettilineo;Una carreggiata a doppio senso;Asciutto;Asfaltata;Verticale ed orizzontale;Sereno;Normale;Buona;Ore Diurne;0;0;0;3;;;-1;2;Autocarro inferiore 35 q.;In marcia / fermata / arresto;Conducente;M;Illeso;0;;Non accertato;Inesistente
1909692;8;03/05/2012 12:20;Strada Urbana;VIA CASILINA;in corrispondenza;;del palo luce n. ;450;;Tamponamento Multiplo;Rettilineo;Una carreggiata a doppio senso;Asciutto;Asfaltata;Verticale ed orizzontale;Sereno;Normale;Buona;Ore Diurne;0;0;0;3;;;-1;3;Autovettura privata;Allontanatosi;Conducente;M;Illeso;0;;;Inesistente