Protocollo;Gruppo;DataOraIncidente;Localizzazione1;STRADA1;Localizzazione2;STRADA2;Strada02;Chilometrica;DaSpecificare;NaturaIncidente;particolaritastrade;TipoStrada;FondoStradale;Pavimentazione;Segnaletica;CondizioneAtmosferica;Traffico;Visibilita;Illuminazione;NUM_FERITI;NUM_RISERVATA;NUM_MORTI;NUM_ILLESI;Longitudine;Latitudine;Confermato;Progressivo;TipoVeicolo;StatoVeicolo;TipoPersona;Sesso;Tipolesione;Deceduto;DecedutoDopo;CinturaCascoUtilizzato;Airbag
1910669;19;14/05/2012 09:15;Strada Urbana;PIAZZA CLEMENTE XI;da specificare;;;;prossimita' VIA PASQUALE II;Investimento di pedone;Rotatoria;Una carreggiata a senso unico di marcia;Asciutto;Asfaltata;Orizzontale;Sereno;Intenso;Buona;Ore Diurne;1;0;0;2;;;-1;1;Autovettura privata;In marcia / fermata / arresto;Passeggero;F;Illeso;0;;Non accertato;Inesistente
1910670;19;14/05/2012 11:00;Strada Urbana;VIA ANDREA BARBAZZA;in prossimità;;del civico n. ;22;;Scontro laterale fra veicoli in marcia;Rettilineo;Una carreggiata a doppio senso;Asciutto;Asfaltata;Assente;Sereno;Scarso;Buona;Ore Diurne;0;0;0;5;;;-1;1;Autovettura privata;In marcia / fermata / arresto;Conducente;M;Illeso;0;;Non accertato;Inesistente
1910670;19;14/05/2012 11:00;Strada Urbana;VIA ANDREA BARBAZZA;in prossimità;;del civico n. ;22;;Scontro laterale fra veicoli in marcia;Rettilineo;Una carreggiata a doppio senso;Asciutto;Asfaltata;Assente;Sereno;Scarso;Buona;Ore Diurne;0;0;0;5;;;-1;1;Autovettura privata;In marcia / fermata / arresto;Passeggero;F;Illeso;0;;Non accertato;Inesistente
1910670;19;14/05/2012 11:00;Strada Urbana;VIA ANDREA BARBAZZA;in prossimità;;del civico n. ;22;;Scontro laterale fra veicoli in marcia;Rettilineo;Una carreggiata a doppio senso;Asciutto;Asfaltata;Assente;Sereno;Scarso;Buona;Ore Diurne;0;0;0;5;;;-1;2;Autovettura privata;In marcia / fermata / arresto;Conducente;M;Illeso;0;;Non accertato;Inesistente
1910670;19;14/05/2012 11:00;Strada Urbana;VIA ANDREA BARBAZZA;in prossimità;;del civico n. ;22;;Scontro laterale fra veicoli in marcia;Rettilineo;Una carreggiata a doppio senso;Asciutto;Asfaltata;Assente;Sereno;Scarso;Buona;Ore Diurne;0;0;0;5;;;-1;2;Autovettura privata;In marcia / fermata / arresto;Passeggero;M;Illeso;0;;Non accertato;Inesistente
1910670;19;14/05/2012 11:00;Strada Urbana;VIA ANDREA BARBAZZA;in prossimità;;del civico n. ;22;;Scontro laterale fra veicoli in marcia;Rettilineo;Una carreggiata a doppio senso;Asciutto;Asfaltata;Assente;Sereno;Scarso;Buona;Ore Diurne;0;0;0;5;;;-1;2;Autovettura privata;In marcia / fermata / arresto;Passeggero;F;Illeso;0;;Non accertato;Inesistente
1910671;12;12/05/2012 18:10;Strada Urbana;VIALE DEI CADUTI PER LA RESISTENZA;da specificare;;;;altezza Via Eroi della Difesa di Roma;Veicolo in marcia contro veicolo fermo;Rettilineo;Una carreggiata a senso unico di marcia;Asciutto;Asfaltata;Assente;Sereno;Normale;Buona;Ore Diurne;0;0;0;3;;;-1;1;Autovettura privata;In marcia / fermata / arresto;Passeggero;F;Illeso;0;;Utilizzato;Inesistente
1910671;12;12/05/2012 18:10;Strada Urbana;VIALE DEI CADUTI PER LA RESISTENZA;da specificare;;;;altezza Via Eroi della Difesa di Roma;Veicolo in marcia contro veicolo fermo;Rettilineo;Una carreggiata a senso unico di marcia;Asciutto;Asfaltata;Assente;Sereno;Normale;Buona;Ore Diurne;0;0;0;3;;;-1;1;Autovettura privata;In marcia / fermata / arresto;Conducente;M;Illeso;0;;Utilizzato;Inesistente
1910671;12;12/05/2012 18:10;Strada Urbana;VIALE DEI CADUTI PER LA RESISTENZA;da specificare;;;;altezza Via Eroi della Difesa di Roma;Veicolo in marcia contro veicolo fermo;Rettilineo;Una carreggiata a senso unico di marcia;Asciutto;Asfaltata;Assente;Sereno;Normale;Buona;Ore Diurne;0;0;0;3;;;-1;2;Autovettura privata;Sosta;Conducente;F;Illeso;0;;Non accertato;Inesistente
1910672;2;10/05/2012 18:45;Strada Urbana;VIA LUISA DI SAVOIA;in prossimità;;del civico n. ;18;;Scontro laterale fra veicoli in marcia;Rettilineo;Una carreggiata a senso unico di marcia;Asciutto;Asfaltata;Verticale ed orizzontale;Sereno;Normale;Buona;Ore Diurne;0;0;0;4;;;-1;1;Autovettura privata;In marcia / fermata / arresto;Conducente;M;Illeso;0;;Non accertato;Inesistente
1910672;2;10/05/2012 18:45;Strada Urbana;VIA LUISA DI SAVOIA;in prossimità;;del civico n. ;18;;Scontro laterale fra veicoli in marcia;Rettilineo;Una carreggiata a senso unico di marcia;Asciutto;Asfaltata;Verticale ed orizzontale;Sereno;Normale;Buona;Ore Diurne;0;0;0;4;;;-1;1;Autovettura privata;In marcia / fermata / arresto;Passeggero;M;Illeso;0;;Non accertato;Inesistente
1910672;2;10/05/2012 18:45;Strada Urbana;VIA LUISA DI SAVOIA;in prossimità;;del civico n. ;18;;Scontro laterale fra veicoli in marcia;Rettilineo;Una carreggiata a senso unico di marcia;Asciutto;Asfaltata;Verticale ed orizzontale;Sereno;Normale;Buona;Ore Diurne;0;0;0;4;;;-1;2;Autovettura privata;In marcia / fermata / arresto;Conducente;M;Illeso;0;;Non accertato;Inesistente
1910672;2;10/05/2012 18:45;Strada Urbana;VIA LUISA DI SAVOIA;in prossimità;;del civico n. ;18;;Scontro laterale fra veicoli in marcia;Rettilineo;Una carreggiata a senso unico di marcia;Asciutto;Asfaltata;Verticale ed orizzontale;Sereno;Normale;Buona;Ore Diurne;0;0;0;4;;;-1;2;Autovettura privata;In marcia / fermata / arresto;Passeggero;M;Illeso;0;;Non accertato;Inesistente
1910673;18;12/05/2012 12:25;Statale entro l'abitato;VIA AURELIA;in corrispondenza;;del civico n. ;800;;Tamponamento Multiplo;Rettilineo;Due carreggiate;Asciutto;Asfaltata;Verticale ed orizzontale;Sereno;Normale;Buona;Ore Diurne;1;0;0;4;;;-1;1;Veicolo speciale;In marcia / fermata / arresto;Conducente;M;Illeso;0;;Non accertato;Inesploso
1910673;18;12/05/2012 12:25;Statale entro l'abitato;VIA AURELIA;in corrispondenza;;del civico n. ;800;;Tamponamento Multiplo;Rettilineo;Due carreggiate;Asciutto;Asfaltata;Verticale ed orizzontale;Sereno;Normale;Buona;Ore Diurne;1;0;0;4;;;-1;1;Veicolo speciale;In marcia / fermata / arresto;Passeggero;M;Illeso;0;;Non accertato;Inesploso
1910673;18;12/05/2012 12:25;Statale entro l'abitato;VIA AURELIA;in corrispondenza;;del civico n. ;800;;Tamponamento Multiplo;Rettilineo;Due carreggiate;Asciutto;Asfaltata;Verticale ed orizzontale;Sereno;Normale;Buona;Ore Diurne;1;0;0;4;;;-1;1;Veicolo speciale;In marcia / fermata / arresto;Passeggero;M;Illeso;0;;Non accertato;Inesploso
1910673;18;12/05/2012 12:25;Statale entro l'abitato;VIA AURELIA;in corrispondenza;;del civico n. ;800;;Tamponamento Multiplo;Rettilineo;Due carreggiate;Asciutto;Asfaltata;Verticale ed orizzontale;Sereno;Normale;Buona;Ore Diurne;1;0;0;4;;;-1;2;Autovettura privata;In marcia / fermata / arresto;Conducente;M;Illeso;0;;Non accertato;Inesploso
1910673;18;12/05/2012 12:25;Statale entro l'abitato;VIA AURELIA;in corrispondenza;;del civico n. ;800;;Tamponamento Multiplo;Rettilineo;Due carreggiate;Asciutto;Asfaltata;Verticale ed orizzontale;Sereno;Normale;Buona;Ore Diurne;1;0;0;4;;;-1;3;Autovettura privata;In marcia / fermata / arresto;Conducente;F;Rifiuta cure immediate;0;NON DECEDUTO;Non accertato;Inesistente
1910674;2;10/05/2012 09:45;Strada Urbana;VIALE MARESCIALLO PILSUDSKI;in prossimità;;del civico n. ;2;;Scontro frontale/laterale SX fra veicoli in marcia;Rettilineo;Una carreggiata a doppio senso;Asciutto;Asfaltata;Verticale ed orizzontale;Sereno;Normale;Buona;Ore Diurne;0;0;0;2;;;-1;1;Autovettura privata;In marcia / fermata / arresto;Conducente;M;Illeso;0;;Non accertato;Esploso
1910674;2;10/05/2012 09:45;Strada Urbana;VIALE MARESCIALLO PILSUDSKI;in prossimità;;del civico n. ;2;;Scontro frontale/laterale SX fra veicoli in marcia;Rettilineo;Una carreggiata a doppio senso;Asciutto;Asfaltata;Verticale ed orizzontale;Sereno;Normale;Buona;Ore Diurne;0;0;0;2;;;-1;2;Autovettura pubblica;In marcia / fermata / arresto;Conducente;M;Illeso;0;;Non accertato;Inesploso
1910676;17;12/05/2012 12:50;Strada Urbana;VIA ANGELO EMO;all'intersezione con;VIALE DEGLI AMMIRAGLI;VIALE DEGLI AMMIRAGLI;;;Scontro laterale fra veicoli in marcia;Intersezione stradale segnalata;Una carreggiata a doppio senso;Asciutto;Asfaltata;Verticale ed orizzontale;Sereno;Normale;Buona;Ore Diurne;0;0;0;2;;;-1;1;Autovettura privata;In marcia / fermata / arresto;Conducente;F;Illeso;0;;Non accertato;Inesistente
1910676;17;12/05/2012 12:50;Strada Urbana;VIA ANGELO EMO;all'intersezione con;VIALE DEGLI AMMIRAGLI;VIALE DEGLI AMMIRAGLI;;;Scontro laterale fra veicoli in marcia;Intersezione stradale segnalata;Una carreggiata a doppio senso;Asciutto;Asfaltata;Verticale ed orizzontale;Sereno;Normale;Buona;Ore Diurne;0;0;0;2;;;-1;2;Autovettura privata;In marcia / fermata / arresto;Conducente;M;Illeso;0;;Non accertato;Inesistente
1910677;1;10/05/2012 16:05;Strada Urbana;LARGO DI S. SUSANNA;all'intersezione semaforizzata con;VIA LEONIDA BISSOLATI;VIA LEONIDA BISSOLATI;;;Scontro frontale/laterale SX fra veicoli in marcia;Intersezione semaforizzata;Una carreggiata a doppio senso;Asciutto;Asfaltata;Verticale ed orizzontale;Sereno;Intenso;Buona;Ore Diurne;1;0;0;1;;;-1;1;Motociclo con passeggero;In marcia / fermata / arresto;Conducente;F;Rifiuta cure immediate;0;NON DECEDUTO;Utilizzato;Inesistente
1910677;1;10/05/2012 16:05;Strada Urbana;LARGO DI S. SUSANNA;all'intersezione semaforizzata con;VIA LEONIDA BISSOLATI;VIA LEONIDA BISSOLATI;;;Scontro frontale/laterale SX fra veicoli in marcia;Intersezione semaforizzata;Una carreggiata a doppio senso;Asciutto;Asfaltata;Verticale ed orizzontale;Sereno;Intenso;Buona;Ore Diurne;1;0;0;1;;;-1;2;Autovettura privata;In marcia / fermata / arresto;Conducente;M;Illeso;0;;Utilizzato;Inesploso
1910678;12;12/05/2012 20:00;Strada Urbana;VIA DELLA STAZIONE ENRICO FERMI;da specificare;;;;s.n.c.;Veicolo in marcia contro veicolo fermo;Rettilineo;Una carreggiata a doppio senso;Asciutto;Asfaltata;Verticale ed orizzontale;Sereno;Scarso;Buona;Sufficiente;0;0;0;2;;;-1;1;Autovettura privata;In marcia / fermata / arresto;Conducente;M;Illeso;0;;Utilizzato;Inesploso
1910678;12;12/05/2012 20:00;Strada Urbana;VIA DELLA STAZIONE ENRICO FERMI;da specificare;;;;s.n.c.;Veicolo in marcia contro veicolo fermo;Rettilineo;Una carreggiata a doppio senso;Asciutto;Asfaltata;Verticale ed orizzontale;Sereno;Scarso;Buona;Sufficiente;0;0;0;2;;;-1;2;Autocarro inferiore 35 q.;In marcia / fermata / arresto;Conducente;M;Illeso;0;;Utilizzato;Inesploso
1910679;17;12/05/2012 16:45;Strada Urbana;PIAZZALE DEGLI EROI;all'intersezione con;VIA VITTOR PISANI;VIA VITTOR PISANI;;;Scontro laterale fra veicoli in marcia;Rotatoria;Una carreggiata a senso unico di marcia;Asciutto;Asfaltata;Verticale ed orizzontale;Sereno;Normale;Buona;Ore Diurne;1;0;0;3;;;-1;1;Autovettura privata;In marcia / fermata / arresto;Conducente;M;Illeso;0;;Non accertato;Inesistente
1910679;17;12/05/2012 16:45;Strada Urbana;PIAZZALE DEGLI EROI;all'intersezione con;VIA VITTOR PISANI;VIA VITTOR PISANI;;;Scontro laterale fra veicoli in marcia;Rotatoria;Una carreggiata a senso unico di marcia;Asciutto;Asfaltata;Verticale ed orizzontale;Sereno;Normale;Buona;Ore Diurne;1;0;0;3;;;-1;1;Autovettura privata;In marcia / fermata / arresto;Passeggero;M;Illeso;0;;Non accertato;
1910679;17;12/05/2012 16:45;Strada Urbana;PIAZZALE DEGLI EROI;all'intersezione con;VIA VITTOR PISANI;VIA VITTOR PISANI;;;Scontro laterale fra veicoli in marcia;Rotatoria;Una carreggiata a senso unico di marcia;Asciutto;Asfaltata;Verticale ed orizzontale;Sereno;Normale;Buona;Ore Diurne;1;0;0;3;;;-1;1;Autovettura privata;In marcia / fermata / arresto;Passeggero;F;Illeso;0;;Non accertato;Inesistente
1910679;17;12/05/2012 16:45;Strada Urbana;PIAZZALE DEGLI EROI;all'intersezione con;VIA VITTOR PISANI;VIA VITTOR PISANI;;;Scontro laterale fra veicoli in marcia;Rotatoria;Una carreggiata a senso unico di marcia;Asciutto;Asfaltata;Verticale ed orizzontale;Sereno;Normale;Buona;Ore Diurne;1;0;0;3;;;-1;2;Motociclo a solo;In marcia / fermata / arresto;Conducente;M;Rifiuta cure immediate;0;NON DECEDUTO;Non accertato;Inesistente
1910680;18;12/05/2012 13:40;Strada Urbana;VIA NAZARETH;all'intersezione con;VIA LEONARDO BUONAFEDE;VIA LEONARDO BUONAFEDE;;;Veicolo in marcia contro ostacolo fisso;Incrocio;Una carreggiata a doppio senso;Asciutto;Asfaltata;Orizzontale;Sereno;Normale;Sufficiente;Ore Diurne;1;0;0;0;;;-1;1;Autovettura privata;In marcia / fermata / arresto;Conducente;F;Ricoverato;0;NON DECEDUTO;Non accertato;Inesploso
1910681;2;10/05/2012 18:00;Strada Urbana;VIALE SOMALIA;in corrispondenza;;del civico n. ;262;;Scontro laterale fra veicoli in marcia;Rettilineo;Due carreggiate;Asciutto;Asfaltata;Verticale ed orizzontale;Sereno;Normale;Buona;Ore Diurne;0;0;0;2;;;-1;1;Autovettura privata;In marcia / fermata / arresto;Conducente;M;Illeso;0;;Non accertato;Inesistente
1910681;2;10/05/2012 18:00;Strada Urbana;VIALE SOMALIA;in corrispondenza;;del civico n. ;262;;Scontro laterale fra veicoli in marcia;Rettilineo;Due carreggiate;Asciutto;Asfaltata;Verticale ed orizzontale;Sereno;Normale;Buona;Ore Diurne;0;0;0;2;;;-1;2;Autovettura privata;In marcia / fermata / arresto;Conducente;M;Illeso;0;;Non accertato;Inesistente
1910682;15;14/05/2012 06:40;Strada Urbana;LUNGOTEVERE DEGLI INVENTORI;all'intersezione semaforizzata con;PIAZZA AUGUSTO RIGHI;PIAZZA AUGUSTO RIGHI;;;Veicolo in marcia contro ostacolo fisso;Intersezione semaforizzata;Due carreggiate;Asciutto;Asfaltata;Verticale ed orizzontale;Sereno;Scarso;Buona;Ore Diurne;0;0;0;1;;;-1;1;Autocarro superiore 35 q.;In marcia / fermata / arresto;Conducente;M;Illeso;0;;Utilizzato;Inesistente
1910683;15;14/05/2012 08:30;Strada Urbana;LUNGOTEVERE DEGLI INVENTORI;in corrispondenza;;del civico n. ;62;;Scontro laterale fra veicoli in marcia;Rettilineo;Una carreggiata a doppio senso;Asciutto;Asfaltata;Orizzontale;Sereno;Intenso;Buona;Ore Diurne;2;0;0;1;;;-1;1;Autovettura privata;In marcia / fermata / arresto;Conducente;M;Illeso;0;;Utilizzato;Inesistente
1910683;15;14/05/2012 08:30;Strada Urbana;LUNGOTEVERE DEGLI INVENTORI;in corrispondenza;;del civico n. ;62;;Scontro laterale fra veicoli in marcia;Rettilineo;Una carreggiata a doppio senso;Asciutto;Asfaltata;Orizzontale;Sereno;Intenso;Buona;Ore Diurne;2;0;0;1;;;-1;2;Motociclo con passeggero;In marcia / fermata / arresto;Conducente;M;Rimandato;0;NON DECEDUTO;Utilizzato;Inesistente
1910683;15;14/05/2012 08:30;Strada Urbana;LUNGOTEVERE DEGLI INVENTORI;in corrispondenza;;del civico n. ;62;;Scontro laterale fra veicoli in marcia;Rettilineo;Una carreggiata a doppio senso;Asciutto;Asfaltata;Orizzontale;Sereno;Intenso;Buona;Ore Diurne;2;0;0;1;;;-1;2;Motociclo con passeggero;In marcia / fermata / arresto;Passeggero;;Rimandato;0;NON DECEDUTO;Utilizzato;
1910684;12;14/05/2012 08:05;Strada Urbana;VIALE CAMILLO SABATINI;da specificare;;;;altezza fronte civico 158;Scontro laterale fra veicoli in marcia;Rettilineo;Una carreggiata a doppio senso;Asciutto;Asfaltata;Verticale ed orizzontale;Sereno;Normale;Buona;Ore Diurne;0;0;0;4;;;-1;1;Autovettura privata;In marcia / fermata / arresto;Conducente;M;Illeso;0;;Utilizzato;Inesploso
1910684;12;14/05/2012 08:05;Strada Urbana;VIALE CAMILLO SABATINI;da specificare;;;;altezza fronte civico 158;Scontro laterale fra veicoli in marcia;Rettilineo;Una carreggiata a doppio senso;Asciutto;Asfaltata;Verticale ed orizzontale;Sereno;Normale;Buona;Ore Diurne;0;0;0;4;;;-1;1;Autovettura privata;In marcia / fermata / arresto;Passeggero;F;Illeso;0;;Utilizzato;Inesploso
1910684;12;14/05/2012 08:05;Strada Urbana;VIALE CAMILLO SABATINI;da specificare;;;;altezza fronte civico 158;Scontro laterale fra veicoli in marcia;Rettilineo;Una carreggiata a doppio senso;Asciutto;Asfaltata;Verticale ed orizzontale;Sereno;Normale;Buona;Ore Diurne;0;0;0;4;;;-1;2;Ciclomotore;In marcia / fermata / arresto;Conducente;M;Illeso;0;;Utilizzato;Inesistente
1910684;12;14/05/2012 08:05;Strada Urbana;VIALE CAMILLO SABATINI;da specificare;;;;altezza fronte civico 158;Scontro laterale fra veicoli in marcia;Rettilineo;Una carreggiata a doppio senso;Asciutto;Asfaltata;Verticale ed orizzontale;Sereno;Normale;Buona;Ore Diurne;0;0;0;4;;;-1;3;Autovettura privata;In marcia / fermata / arresto;Conducente;F;Illeso;0;;Utilizzato;Inesploso
1910685;15;14/05/2012 08:55;Strada Urbana;VIA DEL MONTE DELLE CAPRE;in prossimità;;del civico n. ;4;;Investimento di pedone;Rettilineo;Una carreggiata a doppio senso;Asciutto;Asfaltata;Assente;Sereno;Normale;Buona;Ore Diurne;2;0;0;0;;;-1;;;;Pedone;F;Ricoverato;0;NON DECEDUTO;;
1910685;15;14/05/2012 08:55;Strada Urbana;VIA DEL MONTE DELLE CAPRE;in prossimità;;del civico n. ;4;;Investimento di pedone;Rettilineo;Una carreggiata a doppio senso;Asciutto;Asfaltata;Assente;Sereno;Normale;Buona;Ore Diurne;2;0;0;0;;;-1;1;Autovettura privata;In marcia / fermata / arresto;Conducente;F;Rimandato;0;NON DECEDUTO;Utilizzato;Inesistente
1910686;18;12/05/2012 14:30;Strada Urbana;VIA BONIFACIO VIII;all'intersezione con;VIA DI PORTA FABBRICA;VIA DI PORTA FABBRICA;;;Scontro frontale/laterale DX fra veicoli in marcia;Intersezione non regolata/non segnalata;Una carreggiata a doppio senso;Asciutto;Asfaltata;Assente;Sereno;Scarso;Buona;Ore Diurne;1;0;0;1;;;-1;1;Motociclo a solo;In marcia / fermata / arresto;Conducente;M;Rimandato;0;NON DECEDUTO;Non accertato;Inesistente
1910686;18;12/05/2012 14:30;Strada Urbana;VIA BONIFACIO VIII;all'intersezione con;VIA DI PORTA FABBRICA;VIA DI PORTA FABBRICA;;;Scontro frontale/laterale DX fra veicoli in marcia;Intersezione non regolata/non segnalata;Una carreggiata a doppio senso;Asciutto;Asfaltata;Assente;Sereno;Scarso;Buona;Ore Diurne;1;0;0;1;;;-1;2;Autovettura privata;In marcia / fermata / arresto;Conducente;M;Illeso;0;;Non accertato;Inesistente
1910687;2;11/05/2012 14:05;Strada Urbana;VIALE DELLA MOSCHEA;da specificare;;;;in corrispondenza di l.go Sergio Leone;Tamponamento Multiplo;Rettilineo;Una carreggiata a doppio senso;Asciutto;Asfaltata;Orizzontale;Sereno;Intenso;Buona;Ore Diurne;1;0;0;2;;;-1;1;Autovettura privata;In marcia / fermata / arresto;Conducente;F;Illeso;0;;Non accertato;Inesistente
1910687;2;11/05/2012 14:05;Strada Urbana;VIALE DELLA MOSCHEA;da specificare;;;;in corrispondenza di l.go Sergio Leone;Tamponamento Multiplo;Rettilineo;Una carreggiata a doppio senso;Asciutto;Asfaltata;Orizzontale;Sereno;Intenso;Buona;Ore Diurne;1;0;0;2;;;-1;2;Autovettura privata;In marcia / fermata / arresto;Conducente;F;Illeso;0;;Non accertato;Inesistente
1910687;2;11/05/2012 14:05;Strada Urbana;VIALE DELLA MOSCHEA;da specificare;;;;in corrispondenza di l.go Sergio Leone;Tamponamento Multiplo;Rettilineo;Una carreggiata a doppio senso;Asciutto;Asfaltata;Orizzontale;Sereno;Intenso;Buona;Ore Diurne;1;0;0;2;;;-1;3;Autovettura privata;In marcia / fermata / arresto;Conducente;M;Rifiuta cure immediate;0;NON DECEDUTO;Non accertato;Inesploso
1910688;17;13/05/2012 10:00;Strada Urbana;VIA DEGLI SCIPIONI;all'intersezione con;VIA MARCANTONIO COLONNA;VIA MARCANTONIO COLONNA;;;Scontro frontale/laterale DX fra veicoli in marcia;Incrocio;Una carreggiata a doppio senso;Asciutto;Asfaltata;Verticale ed orizzontale;Sereno;Scarso;Buona;Ore Diurne;0;0;0;2;;;-1;1;Autovettura privata;In marcia / fermata / arresto;Conducente;F;Illeso;0;;Non accertato;Inesistente
1910688;17;13/05/2012 10:00;Strada Urbana;VIA DEGLI SCIPIONI;all'intersezione con;VIA MARCANTONIO COLONNA;VIA MARCANTONIO COLONNA;;;Scontro frontale/laterale DX fra veicoli in marcia;Incrocio;Una carreggiata a doppio senso;Asciutto;Asfaltata;Verticale ed orizzontale;Sereno;Scarso;Buona;Ore Diurne;0;0;0;2;;;-1;2;Velocipede;In marcia / fermata / arresto;Conducente;M;Illeso;0;;Esente;Inesistente
1910689;9;14/05/2012 13:30;Strada Urbana;VIA CESARE BARONIO;all'intersezione con;VIA GIUSEPPE MANNO;VIA GIUSEPPE MANNO;;;Scontro frontale/laterale DX fra veicoli in marcia;Incrocio;Due carreggiate;Asciutto;Strada pavimentata dissestata;Verticale ed orizzontale;Sereno;Normale;Buona;Ore Diurne;1;0;0;2;;;-1;1;Autovettura privata;In marcia / fermata / arresto;Conducente;M;Illeso;0;;Utilizzato;Inesploso
1910689;9;14/05/2012 13:30;Strada Urbana;VIA CESARE BARONIO;all'intersezione con;VIA GIUSEPPE MANNO;VIA GIUSEPPE MANNO;;;Scontro frontale/laterale DX fra veicoli in marcia;Incrocio;Due carreggiate;Asciutto;Strada pavimentata dissestata;Verticale ed orizzontale;Sereno;Normale;Buona;Ore Diurne;1;0;0;2;;;-1;1;Autovettura privata;In marcia / fermata / arresto;Passeggero;F;Illeso;0;;Utilizzato;Inesploso
1910689;9;14/05/2012 13:30;Strada Urbana;VIA CESARE BARONIO;all'intersezione con;VIA GIUSEPPE MANNO;VIA GIUSEPPE MANNO;;;Scontro frontale/laterale DX fra veicoli in marcia;Incrocio;Due carreggiate;Asciutto;Strada pavimentata dissestata;Verticale ed orizzontale;Sereno;Normale;Buona;Ore Diurne;1;0;0;2;;;-1;2;Autovettura privata;In marcia / fermata / arresto;Conducente;M;Rimandato;0;NON DECEDUTO;Utilizzato;Inesploso
1910690;18;12/05/2012 15:45;Strada Urbana;VIA DI BOCCEA;da specificare;;;;in prossimità di via di Valcannuta;Scontro laterale fra veicoli in marcia;Rettilineo;Una carreggiata a doppio senso;Asciutto;Asfaltata;Verticale ed orizzontale;Sereno;Normale;Buona;Ore Diurne;1;0;0;1;;;-1;1;Autovettura privata;In marcia / fermata / arresto;Conducente;F;Illeso;0;;Non accertato;Inesploso
1910690;18;12/05/2012 15:45;Strada Urbana;VIA DI BOCCEA;da specificare;;;;in prossimità di via di Valcannuta;Scontro laterale fra veicoli in marcia;Rettilineo;Una carreggiata a doppio senso;Asciutto;Asfaltata;Verticale ed orizzontale;Sereno;Normale;Buona;Ore Diurne;1;0;0;1;;;-1;2;Motociclo a solo;In marcia / fermata / arresto;Conducente;F;Rimandato;0;NON DECEDUTO;Non accertato;Inesistente
1910691;20;09/05/2012 12:00;Strada Urbana;VIA FLAMINIA;in corrispondenza;;del civico n. ;1064;;Veicolo in marcia contro ostacolo accidentale;Rettilineo;Una carreggiata a doppio senso;Asciutto;Asfaltata;Assente;Sereno;Normale;Sufficiente;Ore Diurne;0;0;0;1;;;-1;1;Autovettura privata;In marcia / fermata / arresto;Conducente;M;Illeso;0;;Non accertato;Inesistente
1910692;12;07/05/2012 16:10;Strada Urbana;VIA CESARE FRUGONI;da specificare;;;;prox Via di Val Fiorita;Scontro frontale fra veicoli in marcia;Rettilineo;Una carreggiata a doppio senso;Asciutto;Asfaltata;Verticale ed orizzontale;Sereno;Normale;Buona;Ore Diurne;0;0;0;1;;;-1;1;Autovettura privata;In marcia / fermata / arresto;Conducente;M;Illeso;0;;Utilizzato;Inesistente
1910694;2;12/05/2012 18:00;Strada Urbana;VIA ANTONIO BERTOLONI;in prossimità;;del civico n. ;16;;Scontro laterale fra veicoli in marcia;Rettilineo;Una carreggiata a doppio senso;Asciutto;Asfaltata;Verticale ed orizzontale;Sereno;Normale;Buona;Ore Diurne;0;0;0;2;;;-1;1;Ciclomotore;In marcia / fermata / arresto;Conducente;M;Illeso;0;;Non utilizzato;Inesistente
1910694;2;12/05/2012 18:00;Strada Urbana;VIA ANTONIO BERTOLONI;in prossimità;;del civico n. ;16;;Scontro laterale fra veicoli in marcia;Rettilineo;Una carreggiata a doppio senso;Asciutto;Asfaltata;Verticale ed orizzontale;Sereno;Normale;Buona;Ore Diurne;0;0;0;2;;;-1;2;Motociclo a solo;In marcia / fermata / arresto;Conducente;M;Illeso;0;;Non accertato;Inesistente
1910695;23;13/05/2012 17:50;Comunale extraurbana;VIA CRISTOFORO COLOMBO;in prossimità;;della chilometrica ;19,55;;Scontro frontale/laterale DX fra veicoli in marcia;Rettilineo;Una carreggiata a senso unico di marcia;Asciutto;Asfaltata;Verticale ed orizzontale;Sereno;Intenso;Buona;Ore Diurne;2;0;0;5;;;-1;1;Autovettura privata;In marcia / fermata / arresto;Conducente;M;Illeso;0;;Non accertato;Inesistente
1910695;23;13/05/2012 17:50;Comunale extraurbana;VIA CRISTOFORO COLOMBO;in prossimità;;della chilometrica ;19,55;;Scontro frontale/laterale DX fra veicoli in marcia;Rettilineo;Una carreggiata a senso unico di marcia;Asciutto;Asfaltata;Verticale ed orizzontale;Sereno;Intenso;Buona;Ore Diurne;2;0;0;5;;;-1;1;Autovettura privata;In marcia / fermata / arresto;Passeggero;F;Illeso;0;;Non accertato;Inesistente
1910695;23;13/05/2012 17:50;Comunale extraurbana;VIA CRISTOFORO COLOMBO;in prossimità;;della chilometrica ;19,55;;Scontro frontale/laterale DX fra veicoli in marcia;Rettilineo;Una carreggiata a senso unico di marcia;Asciutto;Asfaltata;Verticale ed orizzontale;Sereno;Intenso;Buona;Ore Diurne;2;0;0;5;;;-1;1;Autovettura privata;In marcia / fermata / arresto;Passeggero;M;Illeso;0;;Non accertato;Inesistente
1910695;23;13/05/2012 17:50;Comunale extraurbana;VIA CRISTOFORO COLOMBO;in prossimità;;della chilometrica ;19,55;;Scontro frontale/laterale DX fra veicoli in marcia;Rettilineo;Una carreggiata a senso unico di marcia;Asciutto;Asfaltata;Verticale ed orizzontale;Sereno;Intenso;Buona;Ore Diurne;2;0;0;5;;;-1;1;Autovettura privata;In marcia / fermata / arresto;Passeggero;F;Illeso;0;;Non accertato;Inesistente