Protocollo;Gruppo;DataOraIncidente;Localizzazione1;STRADA1;Localizzazione2;STRADA2;Strada02;Chilometrica;DaSpecificare;NaturaIncidente;particolaritastrade;TipoStrada;FondoStradale;Pavimentazione;Segnaletica;CondizioneAtmosferica;Traffico;Visibilita;Illuminazione;NUM_FERITI;NUM_RISERVATA;NUM_MORTI;NUM_ILLESI;Longitudine;Latitudine;Confermato;Progressivo;TipoVeicolo;StatoVeicolo;TipoPersona;Sesso;Tipolesione;Deceduto;DecedutoDopo;CinturaCascoUtilizzato;Airbag
1910751;11;14/05/2012 08:40;Strada Urbana;PIAZZA GEREMIA BONOMELLI;all'intersezione con;VIA ROBERTO DE NOBILI;VIA ROBERTO DE NOBILI;;;Scontro frontale/laterale DX fra veicoli in marcia;Incrocio;Una carreggiata a doppio senso;Asciutto;Asfaltata;Verticale ed orizzontale;Sereno;Scarso;Buona;Ore Diurne;0;0;0;2;;;-1;2;Motociclo a solo;In marcia / fermata / arresto;Conducente;M;Illeso;0;;Non accertato;Inesistente
1910752;20;14/05/2012 12:40;Strada Urbana;VIA RIANO;in corrispondenza;;del civico n. ;14;;Investimento di pedone;Rettilineo;Una carreggiata a doppio senso;Asciutto;Asfaltata;Verticale ed orizzontale;Sereno;Normale;Buona;Ore Diurne;0;0;0;2;;;-1;;;;Pedone;F;Illeso;0;;;
1910752;20;14/05/2012 12:40;Strada Urbana;VIA RIANO;in corrispondenza;;del civico n. ;14;;Investimento di pedone;Rettilineo;Una carreggiata a doppio senso;Asciutto;Asfaltata;Verticale ed orizzontale;Sereno;Normale;Buona;Ore Diurne;0;0;0;2;;;-1;1;Autovettura privata;In marcia / fermata / arresto;Conducente;M;Illeso;0;;Non accertato;Inesploso
1910753;16;11/05/2012 16:50;Strada Urbana;CIRCONVALLAZIONE GIANICOLENSE;all'intersezione semaforizzata con;VIA S. GIROLAMO EMILIANI;VIA S. GIROLAMO EMILIANI;;;Investimento di pedone;Intersezione semaforizzata;Più di due carreggiate;Asciutto;Asfaltata;Verticale ed orizzontale;Sereno;Normale;Buona;Ore Diurne;1;0;0;1;;;-1;;;;Pedone;M;Rimandato;0;NON DECEDUTO;;
1910753;16;11/05/2012 16:50;Strada Urbana;CIRCONVALLAZIONE GIANICOLENSE;all'intersezione semaforizzata con;VIA S. GIROLAMO EMILIANI;VIA S. GIROLAMO EMILIANI;;;Investimento di pedone;Intersezione semaforizzata;Più di due carreggiate;Asciutto;Asfaltata;Verticale ed orizzontale;Sereno;Normale;Buona;Ore Diurne;1;0;0;1;;;-1;1;Autovettura privata;In marcia / fermata / arresto;Conducente;F;Illeso;0;;Non accertato;Inesistente
1910754;17;14/05/2012 19:45;Strada Urbana;VIA OTTAVIANO;in prossimità;;del civico n. ;53;;Investimento di pedone;Rettilineo;Una carreggiata a doppio senso;Asciutto;Asfaltata;Verticale ed orizzontale;Sereno;Normale;Sufficiente;Ore Diurne;2;0;0;0;;;-1;;;;Pedone;M;Ricoverato;0;NON DECEDUTO;;
1910754;17;14/05/2012 19:45;Strada Urbana;VIA OTTAVIANO;in prossimità;;del civico n. ;53;;Investimento di pedone;Rettilineo;Una carreggiata a doppio senso;Asciutto;Asfaltata;Verticale ed orizzontale;Sereno;Normale;Sufficiente;Ore Diurne;2;0;0;0;;;-1;1;Velocipede;In marcia / fermata / arresto;Conducente;M;Rimandato;0;NON DECEDUTO;Non accertato;Inesistente
1910755;5;14/05/2012 20:50;Strada Urbana;VIA DEI DURANTINI;all'intersezione con;VIA ALESSANDRO MALLADRA;VIA ALESSANDRO MALLADRA;;;Scontro frontale/laterale SX fra veicoli in marcia;Incrocio;Una carreggiata a doppio senso;Asciutto;Asfaltata;Orizzontale;Sereno;Normale;Buona;Sufficiente;2;0;0;1;;;-1;1;Motociclo a solo;In marcia / fermata / arresto;Conducente;M;Ricoverato;0;NON DECEDUTO;Non accertato;Inesistente
1910755;5;14/05/2012 20:50;Strada Urbana;VIA DEI DURANTINI;all'intersezione con;VIA ALESSANDRO MALLADRA;VIA ALESSANDRO MALLADRA;;;Scontro frontale/laterale SX fra veicoli in marcia;Incrocio;Una carreggiata a doppio senso;Asciutto;Asfaltata;Orizzontale;Sereno;Normale;Buona;Sufficiente;2;0;0;1;;;-1;1;Motociclo a solo;In marcia / fermata / arresto;Passeggero;M;Rimandato;0;NON DECEDUTO;Non accertato;Inesistente
1910755;5;14/05/2012 20:50;Strada Urbana;VIA DEI DURANTINI;all'intersezione con;VIA ALESSANDRO MALLADRA;VIA ALESSANDRO MALLADRA;;;Scontro frontale/laterale SX fra veicoli in marcia;Incrocio;Una carreggiata a doppio senso;Asciutto;Asfaltata;Orizzontale;Sereno;Normale;Buona;Sufficiente;2;0;0;1;;;-1;2;Autovettura privata;In marcia / fermata / arresto;Conducente;M;Illeso;0;;Non accertato;Inesistente
1910756;13;14/05/2012 09:10;Strada Urbana;VIALE VASCO DE GAMA;in prossimità;;del civico n. ;7;;Investimento di pedone;Rettilineo;Due carreggiate;Asciutto;Asfaltata;Verticale ed orizzontale;Sereno;Normale;Buona;Ore Diurne;1;0;0;2;;;-1;;;;Pedone;F;Rimandato;0;NON DECEDUTO;;
1910756;13;14/05/2012 09:10;Strada Urbana;VIALE VASCO DE GAMA;in prossimità;;del civico n. ;7;;Investimento di pedone;Rettilineo;Due carreggiate;Asciutto;Asfaltata;Verticale ed orizzontale;Sereno;Normale;Buona;Ore Diurne;1;0;0;2;;;-1;1;Autovettura privata;In marcia / fermata / arresto;Conducente;M;Illeso;0;;Non accertato;Inesistente
1910756;13;14/05/2012 09:10;Strada Urbana;VIALE VASCO DE GAMA;in prossimità;;del civico n. ;7;;Investimento di pedone;Rettilineo;Due carreggiate;Asciutto;Asfaltata;Verticale ed orizzontale;Sereno;Normale;Buona;Ore Diurne;1;0;0;2;;;-1;1;Autovettura privata;In marcia / fermata / arresto;Passeggero;F;Illeso;0;;Non accertato;Inesistente
1910757;17;14/05/2012 15:00;Strada Urbana;VIA RIALTO;all'intersezione con;VIA GIORGIO SCALIA;VIA GIORGIO SCALIA;;;Scontro frontale/laterale DX fra veicoli in marcia;Incrocio;Una carreggiata a senso unico di marcia;Asciutto;Asfaltata;Orizzontale;Sereno;Normale;Buona;Ore Diurne;0;0;0;2;;;-1;1;Autovettura privata;In marcia / fermata / arresto;Conducente;F;Illeso;0;;Utilizzato;Inesploso
1910757;17;14/05/2012 15:00;Strada Urbana;VIA RIALTO;all'intersezione con;VIA GIORGIO SCALIA;VIA GIORGIO SCALIA;;;Scontro frontale/laterale DX fra veicoli in marcia;Incrocio;Una carreggiata a senso unico di marcia;Asciutto;Asfaltata;Orizzontale;Sereno;Normale;Buona;Ore Diurne;0;0;0;2;;;-1;2;Autocarro inferiore 35 q.;In marcia / fermata / arresto;Conducente;M;Illeso;0;;Utilizzato;Inesploso
1910758;13;14/05/2012 10:50;Strada Urbana;PIAZZA GIULIANO DELLA ROVERE;all'intersezione con;VIA DEGLI ACILII;VIA DEGLI ACILII;;;Scontro frontale/laterale SX fra veicoli in marcia;Incrocio;Una carreggiata a senso unico di marcia;Asciutto;Asfaltata;Verticale ed orizzontale;Sereno;Normale;Buona;Ore Diurne;0;0;0;4;;;-1;1;Autovettura privata;In marcia / fermata / arresto;Conducente;F;Illeso;0;;Non accertato;Inesistente
1910758;13;14/05/2012 10:50;Strada Urbana;PIAZZA GIULIANO DELLA ROVERE;all'intersezione con;VIA DEGLI ACILII;VIA DEGLI ACILII;;;Scontro frontale/laterale SX fra veicoli in marcia;Incrocio;Una carreggiata a senso unico di marcia;Asciutto;Asfaltata;Verticale ed orizzontale;Sereno;Normale;Buona;Ore Diurne;0;0;0;4;;;-1;1;Autovettura privata;In marcia / fermata / arresto;Passeggero;F;Illeso;0;;Non accertato;Inesistente
1910758;13;14/05/2012 10:50;Strada Urbana;PIAZZA GIULIANO DELLA ROVERE;all'intersezione con;VIA DEGLI ACILII;VIA DEGLI ACILII;;;Scontro frontale/laterale SX fra veicoli in marcia;Incrocio;Una carreggiata a senso unico di marcia;Asciutto;Asfaltata;Verticale ed orizzontale;Sereno;Normale;Buona;Ore Diurne;0;0;0;4;;;-1;2;Autovettura privata;In marcia / fermata / arresto;Conducente;F;Illeso;0;;Non accertato;Inesistente
1910758;13;14/05/2012 10:50;Strada Urbana;PIAZZA GIULIANO DELLA ROVERE;all'intersezione con;VIA DEGLI ACILII;VIA DEGLI ACILII;;;Scontro frontale/laterale SX fra veicoli in marcia;Incrocio;Una carreggiata a senso unico di marcia;Asciutto;Asfaltata;Verticale ed orizzontale;Sereno;Normale;Buona;Ore Diurne;0;0;0;4;;;-1;2;Autovettura privata;In marcia / fermata / arresto;Passeggero;F;Illeso;0;;Non accertato;Inesploso
1910759;13;14/05/2012 08:45;Provinciale entro l'abitato;VIA OSTIENSE;in corrispondenza;;del civico n. ;22.900;;Tamponamento;Rettilineo;Una carreggiata a doppio senso;Asciutto;Asfaltata;Orizzontale;Sereno;Normale;Buona;Ore Diurne;0;0;0;2;;;-1;1;Autovettura privata;In marcia / fermata / arresto;Conducente;F;Illeso;0;;Non accertato;Inesploso
1910759;13;14/05/2012 08:45;Provinciale entro l'abitato;VIA OSTIENSE;in corrispondenza;;del civico n. ;22.900;;Tamponamento;Rettilineo;Una carreggiata a doppio senso;Asciutto;Asfaltata;Orizzontale;Sereno;Normale;Buona;Ore Diurne;0;0;0;2;;;-1;2;Motociclo con passeggero;In marcia / fermata / arresto;Conducente;M;Illeso;0;;Non accertato;Inesistente
1910760;13;14/05/2012 11:20;Comunale extraurbana;VIA DEL MARE;in corrispondenza;;della chilometrica ;16,45;;Veicolo in marcia contro ostacolo accidentale;Rettilineo;Una carreggiata a doppio senso;Asciutto;Asfaltata;Verticale ed orizzontale;Sereno;Normale;Buona;Ore Diurne;0;0;0;1;;;-1;1;Autovettura privata;In marcia / fermata / arresto;Conducente;M;Illeso;0;;Non accertato;Inesploso
1910761;13;14/05/2012 13:00;Strada Urbana;VIA DELLE FIAMME GIALLE;in corrispondenza;;del civico n. ;18;;Veicolo in marcia contro ostacolo accidentale;Rettilineo;Una carreggiata a doppio senso;Asciutto;Asfaltata;Orizzontale;Sereno;Normale;Buona;Ore Diurne;0;0;0;1;3;;-1;1;Autovettura privata;In marcia / fermata / arresto;Conducente;F;Illeso;0;;Non accertato;Inesploso
1910762;13;14/05/2012 15:15;Strada Urbana;VIA DEL MARE;in corrispondenza;;della chilometrica ;25,01;;Veicoli in marcia contro veicolo fermo;Rettilineo;Una carreggiata a senso unico di marcia;Asciutto;Asfaltata;Orizzontale;Sereno;Normale;Buona;Ore Diurne;0;0;0;3;;;-1;1;Autovettura privata;In marcia / fermata / arresto;Conducente;F;Illeso;0;;Non accertato;Inesploso
1910762;13;14/05/2012 15:15;Strada Urbana;VIA DEL MARE;in corrispondenza;;della chilometrica ;25,01;;Veicoli in marcia contro veicolo fermo;Rettilineo;Una carreggiata a senso unico di marcia;Asciutto;Asfaltata;Orizzontale;Sereno;Normale;Buona;Ore Diurne;0;0;0;3;;;-1;2;Autovettura privata;In marcia / fermata / arresto;Conducente;M;Illeso;0;;Non accertato;Inesploso
1910762;13;14/05/2012 15:15;Strada Urbana;VIA DEL MARE;in corrispondenza;;della chilometrica ;25,01;;Veicoli in marcia contro veicolo fermo;Rettilineo;Una carreggiata a senso unico di marcia;Asciutto;Asfaltata;Orizzontale;Sereno;Normale;Buona;Ore Diurne;0;0;0;3;;;-1;3;Autovettura privata;In marcia / fermata / arresto;Conducente;F;Illeso;0;;Non accertato;Inesploso
1910764;20;14/05/2012 18:30;Strada Urbana;VIA DEL FORO ITALICO;da specificare;;;;all'interno della GALLERIA FLEMING direzione Stadi;Tamponamento Multiplo;Rettilineo;Due carreggiate;Asciutto;Asfaltata;Verticale ed orizzontale;Sereno;Intenso;Buona;Ore Diurne;1;0;0;2;;;-1;1;Autovettura privata;In marcia / fermata / arresto;Conducente;F;Illeso;0;;Non accertato;Inesistente
1910764;20;14/05/2012 18:30;Strada Urbana;VIA DEL FORO ITALICO;da specificare;;;;all'interno della GALLERIA FLEMING direzione Stadi;Tamponamento Multiplo;Rettilineo;Due carreggiate;Asciutto;Asfaltata;Verticale ed orizzontale;Sereno;Intenso;Buona;Ore Diurne;1;0;0;2;;;-1;2;Motociclo a solo;In marcia / fermata / arresto;Conducente;M;Illeso;0;;Non accertato;Inesistente
1910764;20;14/05/2012 18:30;Strada Urbana;VIA DEL FORO ITALICO;da specificare;;;;all'interno della GALLERIA FLEMING direzione Stadi;Tamponamento Multiplo;Rettilineo;Due carreggiate;Asciutto;Asfaltata;Verticale ed orizzontale;Sereno;Intenso;Buona;Ore Diurne;1;0;0;2;;;-1;3;Motociclo a solo;In marcia / fermata / arresto;Conducente;M;Ricoverato;0;NON DECEDUTO;Non accertato;Inesistente
1910765;13;14/05/2012 13:35;Strada Urbana;VIALE FRA' ANDREA DI GIOVANNI;all'intersezione con;VIA MADRE COLOMBA GABRIEL;VIA MADRE COLOMBA GABRIEL;;;Scontro frontale/laterale SX fra veicoli in marcia;Incrocio;Due carreggiate;Asciutto;Asfaltata;Verticale ed orizzontale;Sereno;Scarso;Buona;Ore Diurne;2;0;0;0;;;-1;1;Autovettura privata;In marcia / fermata / arresto;Conducente;F;Rimandato;0;NON DECEDUTO;Non accertato;Inesistente
1910765;13;14/05/2012 13:35;Strada Urbana;VIALE FRA' ANDREA DI GIOVANNI;all'intersezione con;VIA MADRE COLOMBA GABRIEL;VIA MADRE COLOMBA GABRIEL;;;Scontro frontale/laterale SX fra veicoli in marcia;Incrocio;Due carreggiate;Asciutto;Asfaltata;Verticale ed orizzontale;Sereno;Scarso;Buona;Ore Diurne;2;0;0;0;;;-1;2;Autovettura privata;In marcia / fermata / arresto;Conducente;F;Rimandato;0;NON DECEDUTO;Non accertato;Inesistente
1910766;20;14/05/2012 19:45;Strada Urbana;VIA MISURINA;in corrispondenza;;del civico n. ;95;;Ribaltamento senza urto contro ostacolo fisso;Curva senza visuale libera;Una carreggiata a senso unico di marcia;Asciutto;Asfaltata;Assente;Sereno;Scarso;Buona;Inesistente;1;0;0;1;;;-1;1;Quadriciclo leggero;In marcia / fermata / arresto;Conducente;M;Illeso;0;;Non accertato;Inesistente
1910766;20;14/05/2012 19:45;Strada Urbana;VIA MISURINA;in corrispondenza;;del civico n. ;95;;Ribaltamento senza urto contro ostacolo fisso;Curva senza visuale libera;Una carreggiata a senso unico di marcia;Asciutto;Asfaltata;Assente;Sereno;Scarso;Buona;Inesistente;1;0;0;1;;;-1;1;Quadriciclo leggero;In marcia / fermata / arresto;Passeggero;M;Rimandato;0;NON DECEDUTO;Non accertato;Inesistente
1910767;11;14/05/2012 10:15;Strada Urbana;VIA CRISTOFORO COLOMBO;da specificare;;;;dir. EUR prossimità L.GO FOCHETTI.;Veicolo in marcia contro ostacolo accidentale;Rettilineo;Più di due carreggiate;Asciutto;Asfaltata;Verticale ed orizzontale;Sereno;Normale;Buona;Ore Diurne;1;0;0;0;;;-1;1;Motociclo con passeggero;In marcia / fermata / arresto;Conducente;M;Rifiuta cure immediate;0;NON DECEDUTO;Non accertato;Inesistente
1910768;13;14/05/2012 17:27;Strada Urbana;PIAZZA QUARTO DEI MILLE;all'intersezione con;VIA DEGLI ALDOBRANDINI;VIA DEGLI ALDOBRANDINI;;;Scontro laterale fra veicoli in marcia;Incrocio;Una carreggiata a doppio senso;Asciutto;Asfaltata;Verticale ed orizzontale;Sereno;Normale;Buona;Ore Diurne;2;0;0;1;;;-1;1;Autovettura privata;In marcia / fermata / arresto;Conducente;M;Rimandato;0;NON DECEDUTO;Non accertato;Inesploso
1910768;13;14/05/2012 17:27;Strada Urbana;PIAZZA QUARTO DEI MILLE;all'intersezione con;VIA DEGLI ALDOBRANDINI;VIA DEGLI ALDOBRANDINI;;;Scontro laterale fra veicoli in marcia;Incrocio;Una carreggiata a doppio senso;Asciutto;Asfaltata;Verticale ed orizzontale;Sereno;Normale;Buona;Ore Diurne;2;0;0;1;;;-1;1;Autovettura privata;In marcia / fermata / arresto;Passeggero;F;Rimandato;0;NON DECEDUTO;Non accertato;Inesploso
1910768;13;14/05/2012 17:27;Strada Urbana;PIAZZA QUARTO DEI MILLE;all'intersezione con;VIA DEGLI ALDOBRANDINI;VIA DEGLI ALDOBRANDINI;;;Scontro laterale fra veicoli in marcia;Incrocio;Una carreggiata a doppio senso;Asciutto;Asfaltata;Verticale ed orizzontale;Sereno;Normale;Buona;Ore Diurne;2;0;0;1;;;-1;2;Autovettura privata;In marcia / fermata / arresto;Conducente;M;Illeso;0;;Non accertato;Inesploso
1910769;2;11/05/2012 16:30;Strada Urbana;VIALE SOMALIA;in corrispondenza;;del civico n. ;163;;Investimento di pedone;Rettilineo;Una carreggiata a doppio senso;Asciutto;Asfaltata;Verticale ed orizzontale;Sereno;Normale;Buona;Ore Diurne;1;0;0;1;;;-1;;;;Pedone;F;Rimandato;0;NON DECEDUTO;;
1910769;2;11/05/2012 16:30;Strada Urbana;VIALE SOMALIA;in corrispondenza;;del civico n. ;163;;Investimento di pedone;Rettilineo;Una carreggiata a doppio senso;Asciutto;Asfaltata;Verticale ed orizzontale;Sereno;Normale;Buona;Ore Diurne;1;0;0;1;;;-1;1;Autovettura privata;In marcia / fermata / arresto;Conducente;M;Illeso;0;;Non accertato;Inesploso
1910770;13;14/05/2012 15:20;Strada Urbana;PIAZZA DI TOR S. MICHELE;all'intersezione con;VIA DEGLI ALDOBRANDINI;VIA DEGLI ALDOBRANDINI;;;Scontro frontale/laterale DX fra veicoli in marcia;Incrocio;Una carreggiata a senso unico di marcia;Asciutto;Asfaltata;Verticale ed orizzontale;Sereno;Scarso;Buona;Ore Diurne;2;0;0;1;;;-1;1;Autovettura privata;In marcia / fermata / arresto;Conducente;M;Rimandato;0;NON DECEDUTO;Non accertato;Inesploso
1910770;13;14/05/2012 15:20;Strada Urbana;PIAZZA DI TOR S. MICHELE;all'intersezione con;VIA DEGLI ALDOBRANDINI;VIA DEGLI ALDOBRANDINI;;;Scontro frontale/laterale DX fra veicoli in marcia;Incrocio;Una carreggiata a senso unico di marcia;Asciutto;Asfaltata;Verticale ed orizzontale;Sereno;Scarso;Buona;Ore Diurne;2;0;0;1;;;-1;1;Autovettura privata;In marcia / fermata / arresto;Passeggero;M;Illeso;0;;Non accertato;Inesploso
1910770;13;14/05/2012 15:20;Strada Urbana;PIAZZA DI TOR S. MICHELE;all'intersezione con;VIA DEGLI ALDOBRANDINI;VIA DEGLI ALDOBRANDINI;;;Scontro frontale/laterale DX fra veicoli in marcia;Incrocio;Una carreggiata a senso unico di marcia;Asciutto;Asfaltata;Verticale ed orizzontale;Sereno;Scarso;Buona;Ore Diurne;2;0;0;1;;;-1;2;Autovettura privata;In marcia / fermata / arresto;Conducente;M;Rimandato;0;NON DECEDUTO;Non accertato;Inesploso
1910771;1;11/05/2012 10:40;Strada Urbana;PIAZZALE UGO LA MALFA;in prossimità;;del palo luce n. ;8;;Scontro frontale/laterale DX fra veicoli in marcia;Rettilineo;Una carreggiata a doppio senso;Asciutto;Asfaltata;Verticale ed orizzontale;Sereno;Normale;Buona;Ore Diurne;1;0;0;1;;;-1;1;Motociclo a solo;In marcia / fermata / arresto;Conducente;M;Rimandato;0;NON DECEDUTO;Utilizzato;Inesistente
1910771;1;11/05/2012 10:40;Strada Urbana;PIAZZALE UGO LA MALFA;in prossimità;;del palo luce n. ;8;;Scontro frontale/laterale DX fra veicoli in marcia;Rettilineo;Una carreggiata a doppio senso;Asciutto;Asfaltata;Verticale ed orizzontale;Sereno;Normale;Buona;Ore Diurne;1;0;0;1;;;-1;2;Autovettura privata;In marcia / fermata / arresto;Conducente;M;Illeso;0;;Utilizzato;Inesploso
1910772;16;11/05/2012 20:05;Strada Urbana;VIA SILVESTRI;in corrispondenza;;del civico n. ;240;;Tamponamento;Pendenza;Una carreggiata a doppio senso;Asciutto;Asfaltata;Verticale ed orizzontale;Sereno;Intenso;Sufficiente;Sufficiente;0;0;0;2;;;-1;1;Autovettura privata;In marcia / fermata / arresto;Conducente;M;Illeso;0;;Non accertato;Inesistente
1910772;16;11/05/2012 20:05;Strada Urbana;VIA SILVESTRI;in corrispondenza;;del civico n. ;240;;Tamponamento;Pendenza;Una carreggiata a doppio senso;Asciutto;Asfaltata;Verticale ed orizzontale;Sereno;Intenso;Sufficiente;Sufficiente;0;0;0;2;;;-1;2;Autovettura privata;In marcia / fermata / arresto;Conducente;F;Illeso;0;;Non accertato;Inesploso
1910773;13;14/05/2012 18:00;Strada Urbana;VIA DI DRAGONCELLO;all'intersezione con;VIA ANDREA CATRANI;VIA ANDREA CATRANI;;;Scontro frontale/laterale SX fra veicoli in marcia;Incrocio;Due carreggiate;Asciutto;Asfaltata;Verticale ed orizzontale;Sereno;Scarso;Buona;Ore Diurne;1;0;0;2;;;-1;1;Autovettura privata;In marcia / fermata / arresto;Conducente;F;Rimandato;0;NON DECEDUTO;Non accertato;Inesistente
1910773;13;14/05/2012 18:00;Strada Urbana;VIA DI DRAGONCELLO;all'intersezione con;VIA ANDREA CATRANI;VIA ANDREA CATRANI;;;Scontro frontale/laterale SX fra veicoli in marcia;Incrocio;Due carreggiate;Asciutto;Asfaltata;Verticale ed orizzontale;Sereno;Scarso;Buona;Ore Diurne;1;0;0;2;;;-1;1;Autovettura privata;In marcia / fermata / arresto;Passeggero;F;Illeso;0;;Non accertato;Inesistente
1910773;13;14/05/2012 18:00;Strada Urbana;VIA DI DRAGONCELLO;all'intersezione con;VIA ANDREA CATRANI;VIA ANDREA CATRANI;;;Scontro frontale/laterale SX fra veicoli in marcia;Incrocio;Due carreggiate;Asciutto;Asfaltata;Verticale ed orizzontale;Sereno;Scarso;Buona;Ore Diurne;1;0;0;2;;;-1;2;Autovettura privata;In marcia / fermata / arresto;Conducente;M;Illeso;0;;Non accertato;Inesistente
1910774;5;09/05/2012 11:50;Strada Urbana;VIALE EGIDIO GALBANI;da specificare;;;;All'altezza di Via Comte, direzione Nomentana;Veicolo in marcia contro veicolo fermo;Curva a visuale libera;Due carreggiate;Asciutto;Asfaltata;Orizzontale;Sereno;Normale;Buona;Ore Diurne;1;0;0;0;;;-1;1;Autovettura privata;In marcia / fermata / arresto;Conducente;F;Ricoverato;0;NON DECEDUTO;Non accertato;Inesploso
1910775;5;10/05/2012 10:30;Strada Urbana;VIA GIACOMO PERONI;all'intersezione con;VIA FELICE IPPOLITO;VIA FELICE IPPOLITO;;;Scontro laterale fra veicoli in marcia;Incrocio;Una carreggiata a senso unico di marcia;Asciutto;Asfaltata;Verticale ed orizzontale;Sereno;Scarso;Buona;Ore Diurne;0;0;0;2;;;-1;1;Autocarro inferiore 35 q.;In marcia / fermata / arresto;Conducente;M;Illeso;0;;Non accertato;Inesistente
1910775;5;10/05/2012 10:30;Strada Urbana;VIA GIACOMO PERONI;all'intersezione con;VIA FELICE IPPOLITO;VIA FELICE IPPOLITO;;;Scontro laterale fra veicoli in marcia;Incrocio;Una carreggiata a senso unico di marcia;Asciutto;Asfaltata;Verticale ed orizzontale;Sereno;Scarso;Buona;Ore Diurne;0;0;0;2;;;-1;2;Autovettura privata;In marcia / fermata / arresto;Conducente;M;Illeso;0;;Non accertato;Inesistente
1910776;5;14/05/2012 07:35;Strada Urbana;Tangenziale Est direzione S. Giovanni;in prossimità;;uscita monti di pietralata;snc;;Scontro laterale fra veicoli in marcia;Galleria illuminata;Una carreggiata a senso unico di marcia;Asciutto;Asfaltata;Verticale ed orizzontale;Sereno;Normale;Buona;Sufficiente;1;0;0;3;;;-1;1;Autovettura privata;In marcia / fermata / arresto;Conducente;F;Illeso;0;;Utilizzato;Inesploso
1910776;5;14/05/2012 07:35;Strada Urbana;Tangenziale Est direzione S. Giovanni;in prossimità;;uscita monti di pietralata;snc;;Scontro laterale fra veicoli in marcia;Galleria illuminata;Una carreggiata a senso unico di marcia;Asciutto;Asfaltata;Verticale ed orizzontale;Sereno;Normale;Buona;Sufficiente;1;0;0;3;;;-1;1;Autovettura privata;In marcia / fermata / arresto;Passeggero;M;Illeso;0;;Utilizzato;Inesploso
1910776;5;14/05/2012 07:35;Strada Urbana;Tangenziale Est direzione S. Giovanni;in prossimità;;uscita monti di pietralata;snc;;Scontro laterale fra veicoli in marcia;Galleria illuminata;Una carreggiata a senso unico di marcia;Asciutto;Asfaltata;Verticale ed orizzontale;Sereno;Normale;Buona;Sufficiente;1;0;0;3;;;-1;1;Autovettura privata;In marcia / fermata / arresto;Passeggero;M;Illeso;0;;Non utilizzato;Inesploso
1910776;5;14/05/2012 07:35;Strada Urbana;Tangenziale Est direzione S. Giovanni;in prossimità;;uscita monti di pietralata;snc;;Scontro laterale fra veicoli in marcia;Galleria illuminata;Una carreggiata a senso unico di marcia;Asciutto;Asfaltata;Verticale ed orizzontale;Sereno;Normale;Buona;Sufficiente;1;0;0;3;;;-1;2;Motociclo a solo;In marcia / fermata / arresto;Conducente;M;Ricoverato;0;NON DECEDUTO;Utilizzato;Inesistente
1910777;5;14/05/2012 10:30;Strada Urbana;VIA DEI DURANTINI;in corrispondenza;;del civico n. ;147;;Veicolo in marcia contro veicolo fermo;Rettilineo;Una carreggiata a doppio senso;Asciutto;Asfaltata;Orizzontale;Sereno;Normale;Buona;Ore Diurne;0;0;0;1;;;-1;1;Autovettura privata;In marcia / fermata / arresto;Conducente;F;Illeso;0;;Non accertato;Inesistente
1910778;13;14/05/2012 19:00;Strada Urbana;VIALE DESIDERATO PIETRI;all'intersezione con;PIAZZA ALERIA;PIAZZA ALERIA;;;Veicolo in marcia contro veicoli in arresto;Incrocio;Due carreggiate;Asciutto;Asfaltata;Verticale ed orizzontale;Sereno;Scarso;Buona;Ore Diurne;1;0;0;2;;;-1;1;Autovettura privata;In marcia / fermata / arresto;Conducente;F;Illeso;0;;Non accertato;Inesploso
1910778;13;14/05/2012 19:00;Strada Urbana;VIALE DESIDERATO PIETRI;all'intersezione con;PIAZZA ALERIA;PIAZZA ALERIA;;;Veicolo in marcia contro veicoli in arresto;Incrocio;Due carreggiate;Asciutto;Asfaltata;Verticale ed orizzontale;Sereno;Scarso;Buona;Ore Diurne;1;0;0;2;;;-1;1;Autovettura privata;In marcia / fermata / arresto;Passeggero Istruttore;M;Illeso;0;;Non accertato;Inesploso
1910778;13;14/05/2012 19:00;Strada Urbana;VIALE DESIDERATO PIETRI;all'intersezione con;PIAZZA ALERIA;PIAZZA ALERIA;;;Veicolo in marcia contro veicoli in arresto;Incrocio;Due carreggiate;Asciutto;Asfaltata;Verticale ed orizzontale;Sereno;Scarso;Buona;Ore Diurne;1;0;0;2;;;-1;2;Motociclo a solo;In marcia / fermata / arresto;Conducente;M;Rimandato;0;NON DECEDUTO;Non accertato;Inesistente
1910779;13;14/05/2012 01:15;Strada Urbana;VIALE DESIDERATO PIETRI;all'intersezione con;VIA POGGIO DI VENACO;VIA POGGIO DI VENACO;;;Scontro frontale/laterale DX fra veicoli in marcia;Incrocio;Due carreggiate;Asciutto;Asfaltata;Assente;Sereno;Scarso;Sufficiente;Sufficiente;1;0;0;2;;;-1;1;Autovettura privata;In marcia / fermata / arresto;Conducente;M;Illeso;0;;Non accertato;Inesploso
1910779;13;14/05/2012 01:15;Strada Urbana;VIALE DESIDERATO PIETRI;all'intersezione con;VIA POGGIO DI VENACO;VIA POGGIO DI VENACO;;;Scontro frontale/laterale DX fra veicoli in marcia;Incrocio;Due carreggiate;Asciutto;Asfaltata;Assente;Sereno;Scarso;Sufficiente;Sufficiente;1;0;0;2;;;-1;2;Autovettura privata;In marcia / fermata / arresto;Conducente;F;Illeso;0;;Non accertato;Inesploso