Protocollo;Gruppo;DataOraIncidente;Localizzazione1;STRADA1;Localizzazione2;STRADA2;Strada02;Chilometrica;DaSpecificare;NaturaIncidente;particolaritastrade;TipoStrada;FondoStradale;Pavimentazione;Segnaletica;CondizioneAtmosferica;Traffico;Visibilita;Illuminazione;NUM_FERITI;NUM_RISERVATA;NUM_MORTI;NUM_ILLESI;Longitudine;Latitudine;Confermato;Progressivo;TipoVeicolo;StatoVeicolo;TipoPersona;Sesso;Tipolesione;Deceduto;DecedutoDopo;CinturaCascoUtilizzato;Airbag
1911199;15;18/05/2012 12:30;Provinciale entro l'abitato;VIA PORTUENSE;in corrispondenza;;del civico n. ;220;;Scontro laterale fra veicoli in marcia;Rettilineo;Più di due carreggiate;Asciutto;Asfaltata;Verticale ed orizzontale;Sereno;Normale;Buona;Ore Diurne;1;0;0;3;;;-1;1;Autovettura privata;In marcia / fermata / arresto;Conducente;M;Illeso;0;;Utilizzato;Inesistente
1911199;15;18/05/2012 12:30;Provinciale entro l'abitato;VIA PORTUENSE;in corrispondenza;;del civico n. ;220;;Scontro laterale fra veicoli in marcia;Rettilineo;Più di due carreggiate;Asciutto;Asfaltata;Verticale ed orizzontale;Sereno;Normale;Buona;Ore Diurne;1;0;0;3;;;-1;1;Autovettura privata;In marcia / fermata / arresto;Passeggero;F;Illeso;0;;Utilizzato;Inesistente
1911199;15;18/05/2012 12:30;Provinciale entro l'abitato;VIA PORTUENSE;in corrispondenza;;del civico n. ;220;;Scontro laterale fra veicoli in marcia;Rettilineo;Più di due carreggiate;Asciutto;Asfaltata;Verticale ed orizzontale;Sereno;Normale;Buona;Ore Diurne;1;0;0;3;;;-1;1;Autovettura privata;In marcia / fermata / arresto;Passeggero;M;Illeso;0;;Utilizzato;Inesistente
1911199;15;18/05/2012 12:30;Provinciale entro l'abitato;VIA PORTUENSE;in corrispondenza;;del civico n. ;220;;Scontro laterale fra veicoli in marcia;Rettilineo;Più di due carreggiate;Asciutto;Asfaltata;Verticale ed orizzontale;Sereno;Normale;Buona;Ore Diurne;1;0;0;3;;;-1;2;Motociclo a solo;In marcia / fermata / arresto;Conducente;F;Rimandato;0;NON DECEDUTO;Utilizzato;Inesistente
1911200;15;18/05/2012 09:35;Provinciale entro l'abitato;VIA PORTUENSE;in prossimità;;del civico n. ;831;;Tamponamento;Rettilineo;Una carreggiata a doppio senso;Asciutto;Asfaltata;Orizzontale;Sereno;Scarso;Buona;Ore Diurne;0;0;0;2;;;-1;1;Autovettura privata;In marcia / fermata / arresto;Conducente;F;Illeso;0;;Utilizzato;Inesistente
1911200;15;18/05/2012 09:35;Provinciale entro l'abitato;VIA PORTUENSE;in prossimità;;del civico n. ;831;;Tamponamento;Rettilineo;Una carreggiata a doppio senso;Asciutto;Asfaltata;Orizzontale;Sereno;Scarso;Buona;Ore Diurne;0;0;0;2;;;-1;2;Motociclo a solo;In marcia / fermata / arresto;Conducente;M;Illeso;0;;Utilizzato;Inesistente
1911201;2;17/05/2012 11:50;Strada Urbana;VIA TOMMASO SALVINI;all'intersezione con;VIA ETTORE PETROLINI;VIA ETTORE PETROLINI;;;Scontro laterale fra veicoli in marcia;Incrocio;Una carreggiata a senso unico di marcia;Asciutto;Asfaltata;Orizzontale;Sereno;Scarso;Buona;Ore Diurne;0;0;0;2;;;-1;1;Autovettura privata;In marcia / fermata / arresto;Conducente;M;Illeso;0;;Non accertato;Inesistente
1911201;2;17/05/2012 11:50;Strada Urbana;VIA TOMMASO SALVINI;all'intersezione con;VIA ETTORE PETROLINI;VIA ETTORE PETROLINI;;;Scontro laterale fra veicoli in marcia;Incrocio;Una carreggiata a senso unico di marcia;Asciutto;Asfaltata;Orizzontale;Sereno;Scarso;Buona;Ore Diurne;0;0;0;2;;;-1;2;Autovettura privata;In marcia / fermata / arresto;Conducente;M;Illeso;0;;Non accertato;Inesistente
1911202;18;17/05/2012 15:50;Statale entro l'abitato;VIA AURELIA;in prossimità;;della chilometrica ;8,2;;Scontro laterale fra veicoli in marcia;Rettilineo;Due carreggiate;Asciutto;Asfaltata;Verticale ed orizzontale;Sereno;Normale;Buona;Ore Diurne;1;0;0;2;;;-1;1;Autovettura privata;In marcia / fermata / arresto;Conducente;M;Illeso;0;;Non accertato;Inesploso
1911202;18;17/05/2012 15:50;Statale entro l'abitato;VIA AURELIA;in prossimità;;della chilometrica ;8,2;;Scontro laterale fra veicoli in marcia;Rettilineo;Due carreggiate;Asciutto;Asfaltata;Verticale ed orizzontale;Sereno;Normale;Buona;Ore Diurne;1;0;0;2;;;-1;2;Autovettura privata;In marcia / fermata / arresto;Conducente;M;Illeso;0;;Non accertato;Inesistente
1911202;18;17/05/2012 15:50;Statale entro l'abitato;VIA AURELIA;in prossimità;;della chilometrica ;8,2;;Scontro laterale fra veicoli in marcia;Rettilineo;Due carreggiate;Asciutto;Asfaltata;Verticale ed orizzontale;Sereno;Normale;Buona;Ore Diurne;1;0;0;2;;;-1;3;Motociclo a solo;In marcia / fermata / arresto;Conducente;M;Rimandato;0;NON DECEDUTO;Non accertato;Inesistente
1911203;13;17/05/2012 17:45;Strada Urbana;VIA LISIPPO;all'intersezione con;VIA IBICO;VIA IBICO;;;Scontro frontale/laterale SX fra veicoli in marcia;Incrocio;Una carreggiata a senso unico di marcia;Asciutto;Asfaltata;Verticale ed orizzontale;Sereno;Normale;Sufficiente;Sufficiente;1;0;0;1;;;-1;1;Autovettura privata;In marcia / fermata / arresto;Conducente;F;Rimandato;0;NON DECEDUTO;Non accertato;Inesploso
1911203;13;17/05/2012 17:45;Strada Urbana;VIA LISIPPO;all'intersezione con;VIA IBICO;VIA IBICO;;;Scontro frontale/laterale SX fra veicoli in marcia;Incrocio;Una carreggiata a senso unico di marcia;Asciutto;Asfaltata;Verticale ed orizzontale;Sereno;Normale;Sufficiente;Sufficiente;1;0;0;1;;;-1;2;Autovettura privata;In marcia / fermata / arresto;Conducente;M;Illeso;0;;Non accertato;Inesploso
1911204;18;17/05/2012 17:00;Strada Urbana;VIA BALDO DEGLI UBALDI;all'intersezione semaforizzata con;VIALE DI VALLE AURELIA;VIALE DI VALLE AURELIA;;;Tamponamento Multiplo;Intersezione semaforizzata;Due carreggiate;Asciutto;Asfaltata;Verticale ed orizzontale;Sereno;Intenso;Buona;Ore Diurne;0;0;0;4;;;-1;1;Autovettura privata;In marcia / fermata / arresto;Conducente;M;Illeso;0;;Non accertato;Inesistente
1911204;18;17/05/2012 17:00;Strada Urbana;VIA BALDO DEGLI UBALDI;all'intersezione semaforizzata con;VIALE DI VALLE AURELIA;VIALE DI VALLE AURELIA;;;Tamponamento Multiplo;Intersezione semaforizzata;Due carreggiate;Asciutto;Asfaltata;Verticale ed orizzontale;Sereno;Intenso;Buona;Ore Diurne;0;0;0;4;;;-1;2;Autovettura privata;In marcia / fermata / arresto;Conducente;F;Illeso;0;;Non accertato;Inesistente
1911204;18;17/05/2012 17:00;Strada Urbana;VIA BALDO DEGLI UBALDI;all'intersezione semaforizzata con;VIALE DI VALLE AURELIA;VIALE DI VALLE AURELIA;;;Tamponamento Multiplo;Intersezione semaforizzata;Due carreggiate;Asciutto;Asfaltata;Verticale ed orizzontale;Sereno;Intenso;Buona;Ore Diurne;0;0;0;4;;;-1;2;Autovettura privata;In marcia / fermata / arresto;Passeggero;M;Illeso;0;;Non accertato;Inesistente
1911204;18;17/05/2012 17:00;Strada Urbana;VIA BALDO DEGLI UBALDI;all'intersezione semaforizzata con;VIALE DI VALLE AURELIA;VIALE DI VALLE AURELIA;;;Tamponamento Multiplo;Intersezione semaforizzata;Due carreggiate;Asciutto;Asfaltata;Verticale ed orizzontale;Sereno;Intenso;Buona;Ore Diurne;0;0;0;4;;;-1;3;Autovettura privata;In marcia / fermata / arresto;Conducente;M;Illeso;0;;Non accertato;Inesistente
1911206;13;18/05/2012 01:10;Strada Urbana;VIA DEI PANFILI;all'intersezione con;VIA DEI TRAGHETTI;VIA DEI TRAGHETTI;;;Scontro frontale/laterale SX fra veicoli in marcia;Incrocio;Una carreggiata a senso unico di marcia;Asciutto;Asfaltata;Verticale ed orizzontale;Sereno;Scarso;Buona;Sufficiente;0;0;0;3;;;-1;1;Autovettura privata;In marcia / fermata / arresto;Conducente;M;Illeso;0;;Non accertato;Inesploso
1911206;13;18/05/2012 01:10;Strada Urbana;VIA DEI PANFILI;all'intersezione con;VIA DEI TRAGHETTI;VIA DEI TRAGHETTI;;;Scontro frontale/laterale SX fra veicoli in marcia;Incrocio;Una carreggiata a senso unico di marcia;Asciutto;Asfaltata;Verticale ed orizzontale;Sereno;Scarso;Buona;Sufficiente;0;0;0;3;;;-1;1;Autovettura privata;In marcia / fermata / arresto;Passeggero;M;Illeso;0;;Non accertato;Inesploso
1911206;13;18/05/2012 01:10;Strada Urbana;VIA DEI PANFILI;all'intersezione con;VIA DEI TRAGHETTI;VIA DEI TRAGHETTI;;;Scontro frontale/laterale SX fra veicoli in marcia;Incrocio;Una carreggiata a senso unico di marcia;Asciutto;Asfaltata;Verticale ed orizzontale;Sereno;Scarso;Buona;Sufficiente;0;0;0;3;;;-1;2;Autovettura privata;In marcia / fermata / arresto;Conducente;M;Illeso;0;;Non accertato;Inesploso
1911207;1;16/05/2012 12:48;Strada Urbana;VIALE DI TRASTEVERE;all'intersezione con;PIAZZA MASTAI;PIAZZA MASTAI;;;Investimento di pedone;Incrocio;Più di due carreggiate;Asciutto;Asfaltata;Verticale ed orizzontale;Sereno;Normale;Buona;Ore Diurne;1;0;0;1;;;-1;;;;Pedone;M;Rimandato;0;NON DECEDUTO;;
1911207;1;16/05/2012 12:48;Strada Urbana;VIALE DI TRASTEVERE;all'intersezione con;PIAZZA MASTAI;PIAZZA MASTAI;;;Investimento di pedone;Incrocio;Più di due carreggiate;Asciutto;Asfaltata;Verticale ed orizzontale;Sereno;Normale;Buona;Ore Diurne;1;0;0;1;;;-1;1;Autocarro inferiore 35 q.;In marcia / fermata / arresto;Conducente;M;Illeso;0;;Non accertato;Inesistente
1911208;18;18/05/2012 09:00;Strada Urbana;VIA DELLE FORNACI;in prossimità;;del fronte civico n. ;161;;Tamponamento;Rettilineo;Una carreggiata a doppio senso;Asciutto;Asfaltata;Verticale ed orizzontale;Sereno;Scarso;Buona;Ore Diurne;1;0;0;1;;;-1;1;Motociclo a solo;In marcia / fermata / arresto;Conducente;M;Illeso;0;;Non accertato;Inesistente
1911208;18;18/05/2012 09:00;Strada Urbana;VIA DELLE FORNACI;in prossimità;;del fronte civico n. ;161;;Tamponamento;Rettilineo;Una carreggiata a doppio senso;Asciutto;Asfaltata;Verticale ed orizzontale;Sereno;Scarso;Buona;Ore Diurne;1;0;0;1;;;-1;2;Motociclo a solo;In marcia / fermata / arresto;Conducente;M;Rimandato;0;NON DECEDUTO;Non accertato;Inesistente
1911209;18;18/05/2012 00:01;Strada Urbana;VIA PIO IX;all'intersezione con;VIA EUGENIO IV;VIA EUGENIO IV;;;Ribaltamento senza urto contro ostacolo fisso;Incrocio;Una carreggiata a doppio senso;Asciutto;Asfaltata;Verticale ed orizzontale;Sereno;Scarso;Buona;Sufficiente;0;0;0;1;;;-1;1;Motociclo a solo;In marcia / fermata / arresto;Conducente;M;Illeso;0;;Non accertato;Inesistente
1911210;1;16/05/2012 13:00;Strada Urbana;VIALE GABRIELE D'ANNUNZIO;da specificare;;;;RAMPA G. D'ANNUNZIO;Infortunio per sola frenata improvvisa;Curva a visuale libera;Una carreggiata a senso unico di marcia;Asciutto;Acciotolata;Verticale ed orizzontale;Sereno;Scarso;Buona;Ore Diurne;1;0;0;0;;;-1;1;Motociclo a solo;In marcia / fermata / arresto;Conducente;F;Rimandato;0;NON DECEDUTO;Non accertato;Inesistente
1911211;7;18/05/2012 17:50;Strada Urbana;VIA DI TOR TRE TESTE;in prossimità;;del civico n. ;227;;Tamponamento Multiplo;Rettilineo;Una carreggiata a doppio senso;Asciutto;Asfaltata;Orizzontale;Sereno;Normale;Buona;Ore Diurne;0;0;0;7;;;-1;1;Autovettura privata;In marcia / fermata / arresto;Passeggero;F;Illeso;0;;Non accertato;Inesistente
1911211;7;18/05/2012 17:50;Strada Urbana;VIA DI TOR TRE TESTE;in prossimità;;del civico n. ;227;;Tamponamento Multiplo;Rettilineo;Una carreggiata a doppio senso;Asciutto;Asfaltata;Orizzontale;Sereno;Normale;Buona;Ore Diurne;0;0;0;7;;;-1;1;Autovettura privata;In marcia / fermata / arresto;Passeggero;M;Illeso;0;;Non accertato;Inesploso
1911211;7;18/05/2012 17:50;Strada Urbana;VIA DI TOR TRE TESTE;in prossimità;;del civico n. ;227;;Tamponamento Multiplo;Rettilineo;Una carreggiata a doppio senso;Asciutto;Asfaltata;Orizzontale;Sereno;Normale;Buona;Ore Diurne;0;0;0;7;;;-1;1;Autovettura privata;In marcia / fermata / arresto;Conducente;F;Illeso;0;;Non accertato;Inesploso
1911211;7;18/05/2012 17:50;Strada Urbana;VIA DI TOR TRE TESTE;in prossimità;;del civico n. ;227;;Tamponamento Multiplo;Rettilineo;Una carreggiata a doppio senso;Asciutto;Asfaltata;Orizzontale;Sereno;Normale;Buona;Ore Diurne;0;0;0;7;;;-1;2;Autovettura privata;In marcia / fermata / arresto;Conducente;M;Illeso;0;;Non accertato;Inesploso
1911211;7;18/05/2012 17:50;Strada Urbana;VIA DI TOR TRE TESTE;in prossimità;;del civico n. ;227;;Tamponamento Multiplo;Rettilineo;Una carreggiata a doppio senso;Asciutto;Asfaltata;Orizzontale;Sereno;Normale;Buona;Ore Diurne;0;0;0;7;;;-1;3;Autovettura privata;In marcia / fermata / arresto;Conducente;F;Illeso;0;;Non accertato;Inesistente
1911211;7;18/05/2012 17:50;Strada Urbana;VIA DI TOR TRE TESTE;in prossimità;;del civico n. ;227;;Tamponamento Multiplo;Rettilineo;Una carreggiata a doppio senso;Asciutto;Asfaltata;Orizzontale;Sereno;Normale;Buona;Ore Diurne;0;0;0;7;;;-1;3;Autovettura privata;In marcia / fermata / arresto;Passeggero;F;Illeso;0;;Non accertato;Inesploso
1911211;7;18/05/2012 17:50;Strada Urbana;VIA DI TOR TRE TESTE;in prossimità;;del civico n. ;227;;Tamponamento Multiplo;Rettilineo;Una carreggiata a doppio senso;Asciutto;Asfaltata;Orizzontale;Sereno;Normale;Buona;Ore Diurne;0;0;0;7;;;-1;3;Autovettura privata;In marcia / fermata / arresto;Passeggero;M;Illeso;0;;Non accertato;Inesistente
1911212;18;18/05/2012 07:30;Strada Urbana;VIA DI TORREVECCHIA;all'intersezione semaforizzata con;VIA BENEDETTO ALOISI MASELLA;VIA BENEDETTO ALOISI MASELLA;;;Tamponamento;Intersezione semaforizzata;Due carreggiate;Asciutto;Asfaltata;Verticale ed orizzontale;Sereno;Normale;Buona;Ore Diurne;0;0;0;6;;;-1;1;Autovettura privata;In marcia / fermata / arresto;Conducente;M;Illeso;0;;Non accertato;Inesploso
1911212;18;18/05/2012 07:30;Strada Urbana;VIA DI TORREVECCHIA;all'intersezione semaforizzata con;VIA BENEDETTO ALOISI MASELLA;VIA BENEDETTO ALOISI MASELLA;;;Tamponamento;Intersezione semaforizzata;Due carreggiate;Asciutto;Asfaltata;Verticale ed orizzontale;Sereno;Normale;Buona;Ore Diurne;0;0;0;6;;;-1;1;Autovettura privata;In marcia / fermata / arresto;Passeggero;F;Illeso;0;;Non accertato;Inesploso
1911212;18;18/05/2012 07:30;Strada Urbana;VIA DI TORREVECCHIA;all'intersezione semaforizzata con;VIA BENEDETTO ALOISI MASELLA;VIA BENEDETTO ALOISI MASELLA;;;Tamponamento;Intersezione semaforizzata;Due carreggiate;Asciutto;Asfaltata;Verticale ed orizzontale;Sereno;Normale;Buona;Ore Diurne;0;0;0;6;;;-1;2;Autovettura privata;In marcia / fermata / arresto;Conducente;F;Illeso;0;;Non accertato;Inesploso
1911212;18;18/05/2012 07:30;Strada Urbana;VIA DI TORREVECCHIA;all'intersezione semaforizzata con;VIA BENEDETTO ALOISI MASELLA;VIA BENEDETTO ALOISI MASELLA;;;Tamponamento;Intersezione semaforizzata;Due carreggiate;Asciutto;Asfaltata;Verticale ed orizzontale;Sereno;Normale;Buona;Ore Diurne;0;0;0;6;;;-1;2;Autovettura privata;In marcia / fermata / arresto;Passeggero;F;Illeso;0;;Non accertato;Inesistente
1911212;18;18/05/2012 07:30;Strada Urbana;VIA DI TORREVECCHIA;all'intersezione semaforizzata con;VIA BENEDETTO ALOISI MASELLA;VIA BENEDETTO ALOISI MASELLA;;;Tamponamento;Intersezione semaforizzata;Due carreggiate;Asciutto;Asfaltata;Verticale ed orizzontale;Sereno;Normale;Buona;Ore Diurne;0;0;0;6;;;-1;2;Autovettura privata;In marcia / fermata / arresto;Passeggero;F;Illeso;0;;Non accertato;Inesistente
1911213;2;17/05/2012 12:10;Strada Urbana;LUNGOTEVERE DELL'ACQUA ACETOSA;in prossimità;;del civico n. ;27;;Tamponamento;Rettilineo;Una carreggiata a doppio senso;Asciutto;Asfaltata;Verticale ed orizzontale;Sereno;Normale;Buona;Ore Diurne;1;0;0;3;;;-1;1;Autovettura privata;In marcia / fermata / arresto;Conducente;M;Illeso;0;;Non accertato;Inesploso
1911213;2;17/05/2012 12:10;Strada Urbana;LUNGOTEVERE DELL'ACQUA ACETOSA;in prossimità;;del civico n. ;27;;Tamponamento;Rettilineo;Una carreggiata a doppio senso;Asciutto;Asfaltata;Verticale ed orizzontale;Sereno;Normale;Buona;Ore Diurne;1;0;0;3;;;-1;1;Autovettura privata;In marcia / fermata / arresto;Passeggero;F;Illeso;0;;Non accertato;Inesploso
1911213;2;17/05/2012 12:10;Strada Urbana;LUNGOTEVERE DELL'ACQUA ACETOSA;in prossimità;;del civico n. ;27;;Tamponamento;Rettilineo;Una carreggiata a doppio senso;Asciutto;Asfaltata;Verticale ed orizzontale;Sereno;Normale;Buona;Ore Diurne;1;0;0;3;;;-1;2;Autovettura privata;In marcia / fermata / arresto;Conducente;F;Rimandato;0;NON DECEDUTO;Non accertato;Esploso
1911214;2;18/05/2012 17:00;Strada Urbana;LARGO PIERO GABRIELLI;all'intersezione con;VIA DEI CAMPI SPORTIVI;VIA DEI CAMPI SPORTIVI;;;Tamponamento Multiplo;Incrocio;Una carreggiata a doppio senso;Asciutto;Asfaltata;Verticale ed orizzontale;Sereno;Normale;Buona;Ore Diurne;2;0;0;7;;;-1;1;Autovettura privata;In marcia / fermata / arresto;Conducente;F;Illeso;0;;Non accertato;Inesistente
1911214;2;18/05/2012 17:00;Strada Urbana;LARGO PIERO GABRIELLI;all'intersezione con;VIA DEI CAMPI SPORTIVI;VIA DEI CAMPI SPORTIVI;;;Tamponamento Multiplo;Incrocio;Una carreggiata a doppio senso;Asciutto;Asfaltata;Verticale ed orizzontale;Sereno;Normale;Buona;Ore Diurne;2;0;0;7;;;-1;1;Autovettura privata;In marcia / fermata / arresto;Passeggero;F;Illeso;0;;Non accertato;Inesistente
1911214;2;18/05/2012 17:00;Strada Urbana;LARGO PIERO GABRIELLI;all'intersezione con;VIA DEI CAMPI SPORTIVI;VIA DEI CAMPI SPORTIVI;;;Tamponamento Multiplo;Incrocio;Una carreggiata a doppio senso;Asciutto;Asfaltata;Verticale ed orizzontale;Sereno;Normale;Buona;Ore Diurne;2;0;0;7;;;-1;1;Autovettura privata;In marcia / fermata / arresto;Passeggero;F;Illeso;0;;Non accertato;Inesistente
1911214;2;18/05/2012 17:00;Strada Urbana;LARGO PIERO GABRIELLI;all'intersezione con;VIA DEI CAMPI SPORTIVI;VIA DEI CAMPI SPORTIVI;;;Tamponamento Multiplo;Incrocio;Una carreggiata a doppio senso;Asciutto;Asfaltata;Verticale ed orizzontale;Sereno;Normale;Buona;Ore Diurne;2;0;0;7;;;-1;2;Autovettura privata;In marcia / fermata / arresto;Conducente;F;Illeso;0;;Non accertato;Inesistente
1911214;2;18/05/2012 17:00;Strada Urbana;LARGO PIERO GABRIELLI;all'intersezione con;VIA DEI CAMPI SPORTIVI;VIA DEI CAMPI SPORTIVI;;;Tamponamento Multiplo;Incrocio;Una carreggiata a doppio senso;Asciutto;Asfaltata;Verticale ed orizzontale;Sereno;Normale;Buona;Ore Diurne;2;0;0;7;;;-1;2;Autovettura privata;In marcia / fermata / arresto;Passeggero;F;Illeso;0;;Non accertato;Inesistente
1911214;2;18/05/2012 17:00;Strada Urbana;LARGO PIERO GABRIELLI;all'intersezione con;VIA DEI CAMPI SPORTIVI;VIA DEI CAMPI SPORTIVI;;;Tamponamento Multiplo;Incrocio;Una carreggiata a doppio senso;Asciutto;Asfaltata;Verticale ed orizzontale;Sereno;Normale;Buona;Ore Diurne;2;0;0;7;;;-1;2;Autovettura privata;In marcia / fermata / arresto;Passeggero;M;Illeso;0;;Non accertato;Inesistente
1911214;2;18/05/2012 17:00;Strada Urbana;LARGO PIERO GABRIELLI;all'intersezione con;VIA DEI CAMPI SPORTIVI;VIA DEI CAMPI SPORTIVI;;;Tamponamento Multiplo;Incrocio;Una carreggiata a doppio senso;Asciutto;Asfaltata;Verticale ed orizzontale;Sereno;Normale;Buona;Ore Diurne;2;0;0;7;;;-1;2;Autovettura privata;In marcia / fermata / arresto;Passeggero;M;Illeso;0;;Non accertato;Inesistente
1911214;2;18/05/2012 17:00;Strada Urbana;LARGO PIERO GABRIELLI;all'intersezione con;VIA DEI CAMPI SPORTIVI;VIA DEI CAMPI SPORTIVI;;;Tamponamento Multiplo;Incrocio;Una carreggiata a doppio senso;Asciutto;Asfaltata;Verticale ed orizzontale;Sereno;Normale;Buona;Ore Diurne;2;0;0;7;;;-1;3;Autovettura privata;In marcia / fermata / arresto;Conducente;F;Rimandato;0;NON DECEDUTO;Non accertato;Inesistente
1911214;2;18/05/2012 17:00;Strada Urbana;LARGO PIERO GABRIELLI;all'intersezione con;VIA DEI CAMPI SPORTIVI;VIA DEI CAMPI SPORTIVI;;;Tamponamento Multiplo;Incrocio;Una carreggiata a doppio senso;Asciutto;Asfaltata;Verticale ed orizzontale;Sereno;Normale;Buona;Ore Diurne;2;0;0;7;;;-1;3;Autovettura privata;In marcia / fermata / arresto;Passeggero;M;Rimandato;0;NON DECEDUTO;Non accertato;Inesistente
1911215;18;18/05/2012 10:00;Strada Urbana;VIA GREGORIO VII;in prossimità;;del civico n. ;122;;Scontro laterale fra veicoli in marcia;Rettilineo;Più di due carreggiate;Asciutto;Asfaltata;Verticale ed orizzontale;Sereno;Normale;Buona;Ore Diurne;1;0;0;1;;;-1;1;Autocarro inferiore 35 q.;In marcia / fermata / arresto;Conducente;M;Illeso;0;;Non accertato;Inesploso
1911215;18;18/05/2012 10:00;Strada Urbana;VIA GREGORIO VII;in prossimità;;del civico n. ;122;;Scontro laterale fra veicoli in marcia;Rettilineo;Più di due carreggiate;Asciutto;Asfaltata;Verticale ed orizzontale;Sereno;Normale;Buona;Ore Diurne;1;0;0;1;;;-1;2;Ciclomotore;In marcia / fermata / arresto;Conducente;M;Rimandato;0;NON DECEDUTO;Utilizzato;Inesistente
1911216;2;17/05/2012 19:00;Strada Urbana;VIALE PARIOLI;in corrispondenza;;del civico n. ;38;;Scontro laterale fra veicoli in marcia;Rettilineo;Una carreggiata a doppio senso;Asciutto;Asfaltata;Verticale ed orizzontale;Sereno;Normale;Buona;Ore Diurne;0;0;0;3;;;-1;1;Autovettura privata;In marcia / fermata / arresto;Conducente;M;Illeso;0;;Non accertato;Inesistente
1911216;2;17/05/2012 19:00;Strada Urbana;VIALE PARIOLI;in corrispondenza;;del civico n. ;38;;Scontro laterale fra veicoli in marcia;Rettilineo;Una carreggiata a doppio senso;Asciutto;Asfaltata;Verticale ed orizzontale;Sereno;Normale;Buona;Ore Diurne;0;0;0;3;;;-1;1;Autovettura privata;In marcia / fermata / arresto;Passeggero;M;Illeso;0;;Non accertato;Inesistente
1911216;2;17/05/2012 19:00;Strada Urbana;VIALE PARIOLI;in corrispondenza;;del civico n. ;38;;Scontro laterale fra veicoli in marcia;Rettilineo;Una carreggiata a doppio senso;Asciutto;Asfaltata;Verticale ed orizzontale;Sereno;Normale;Buona;Ore Diurne;0;0;0;3;;;-1;2;Autovettura privata;In marcia / fermata / arresto;Conducente;M;Illeso;0;;Non accertato;Inesistente
1911217;18;18/05/2012 18:10;Strada Urbana;VIA DI BOCCEA;in prossimità;;del civico n. ;256;;Scontro laterale fra veicoli in marcia;Rettilineo;Una carreggiata a doppio senso;Asciutto;Asfaltata;Verticale ed orizzontale;Sereno;Intenso;Buona;Ore Diurne;0;0;0;2;;;-1;1;Autovettura privata;In marcia / fermata / arresto;Conducente;F;Illeso;0;;Non accertato;Inesistente
1911217;18;18/05/2012 18:10;Strada Urbana;VIA DI BOCCEA;in prossimità;;del civico n. ;256;;Scontro laterale fra veicoli in marcia;Rettilineo;Una carreggiata a doppio senso;Asciutto;Asfaltata;Verticale ed orizzontale;Sereno;Intenso;Buona;Ore Diurne;0;0;0;2;;;-1;2;Autovettura privata;In marcia / fermata / arresto;Conducente;M;Illeso;0;;Non accertato;Inesploso
1911218;15;18/05/2012 18:20;Strada Urbana;PIAZZA DELLA RADIO;all'intersezione con;VIA ODERISI DA GUBBIO;VIA ODERISI DA GUBBIO;;;Scontro frontale/laterale SX fra veicoli in marcia;Incrocio;Due carreggiate;Asciutto;Asfaltata;Verticale ed orizzontale;Sereno;Normale;Buona;Ore Diurne;0;0;0;4;;;-1;1;Motociclo a solo;In marcia / fermata / arresto;Conducente;M;Illeso;0;;Utilizzato;Inesistente
1911218;15;18/05/2012 18:20;Strada Urbana;PIAZZA DELLA RADIO;all'intersezione con;VIA ODERISI DA GUBBIO;VIA ODERISI DA GUBBIO;;;Scontro frontale/laterale SX fra veicoli in marcia;Incrocio;Due carreggiate;Asciutto;Asfaltata;Verticale ed orizzontale;Sereno;Normale;Buona;Ore Diurne;0;0;0;4;;;-1;2;Autovettura privata;In marcia / fermata / arresto;Conducente;F;Illeso;0;;Utilizzato;Inesistente
1911218;15;18/05/2012 18:20;Strada Urbana;PIAZZA DELLA RADIO;all'intersezione con;VIA ODERISI DA GUBBIO;VIA ODERISI DA GUBBIO;;;Scontro frontale/laterale SX fra veicoli in marcia;Incrocio;Due carreggiate;Asciutto;Asfaltata;Verticale ed orizzontale;Sereno;Normale;Buona;Ore Diurne;0;0;0;4;;;-1;2;Autovettura privata;In marcia / fermata / arresto;Passeggero;F;Illeso;0;;Utilizzato;Inesistente
1911218;15;18/05/2012 18:20;Strada Urbana;PIAZZA DELLA RADIO;all'intersezione con;VIA ODERISI DA GUBBIO;VIA ODERISI DA GUBBIO;;;Scontro frontale/laterale SX fra veicoli in marcia;Incrocio;Due carreggiate;Asciutto;Asfaltata;Verticale ed orizzontale;Sereno;Normale;Buona;Ore Diurne;0;0;0;4;;;-1;2;Autovettura privata;In marcia / fermata / arresto;Passeggero;F;Illeso;0;;Utilizzato;Inesistente
1911219;18;18/05/2012 10:30;Strada Urbana;VIA LA MONACHINA;in prossimità;;del civico n. ;1;;Scontro frontale/laterale SX fra veicoli in marcia;Rettilineo;Una carreggiata a doppio senso;Asciutto;Asfaltata;Assente;Sereno;Scarso;Buona;Ore Diurne;0;0;0;2;;;-1;1;Autovettura di polizia;In marcia / fermata / arresto;Conducente;M;Illeso;0;;Non accertato;Inesistente
1911219;18;18/05/2012 10:30;Strada Urbana;VIA LA MONACHINA;in prossimità;;del civico n. ;1;;Scontro frontale/laterale SX fra veicoli in marcia;Rettilineo;Una carreggiata a doppio senso;Asciutto;Asfaltata;Assente;Sereno;Scarso;Buona;Ore Diurne;0;0;0;2;;;-1;1;Autovettura di polizia;In marcia / fermata / arresto;Passeggero;M;Illeso;0;;Non accertato;Inesistente
1911220;19;18/05/2012 13:50;Strada Urbana;VIA DI CASAL DEL MARMO;da specificare;;;;davanti al supermercato TODIS;Veicolo in marcia contro veicolo in sosta;Rettilineo;Una carreggiata a doppio senso;Asciutto;Asfaltata;Orizzontale;Sereno;Normale;Buona;Ore Diurne;0;0;0;2;;;-1;2;Autovettura privata;In marcia / fermata / arresto;Conducente;M;Illeso;0;;Non accertato;Inesploso