Protocollo;Gruppo;DataOraIncidente;Localizzazione1;STRADA1;Localizzazione2;STRADA2;Strada02;Chilometrica;DaSpecificare;NaturaIncidente;particolaritastrade;TipoStrada;FondoStradale;Pavimentazione;Segnaletica;CondizioneAtmosferica;Traffico;Visibilita;Illuminazione;NUM_FERITI;NUM_RISERVATA;NUM_MORTI;NUM_ILLESI;Longitudine;Latitudine;Confermato;Progressivo;TipoVeicolo;StatoVeicolo;TipoPersona;Sesso;Tipolesione;Deceduto;DecedutoDopo;CinturaCascoUtilizzato;Airbag
1911430;3;19/05/2012 11:30;Strada Urbana;VIA BARI;all'intersezione semaforizzata con;PIAZZA LECCE;PIAZZA LECCE;;;Tamponamento;Incrocio;Una carreggiata a doppio senso;Asciutto;Asfaltata;Verticale ed orizzontale;Sereno;Normale;Buona;Ore Diurne;1;0;0;2;;;-1;1;Autovettura privata;In marcia / fermata / arresto;Passeggero;F;Rifiuta cure immediate;0;NON DECEDUTO;Non accertato;Inesistente
1911430;3;19/05/2012 11:30;Strada Urbana;VIA BARI;all'intersezione semaforizzata con;PIAZZA LECCE;PIAZZA LECCE;;;Tamponamento;Incrocio;Una carreggiata a doppio senso;Asciutto;Asfaltata;Verticale ed orizzontale;Sereno;Normale;Buona;Ore Diurne;1;0;0;2;;;-1;2;Autovettura privata;In marcia / fermata / arresto;Conducente;F;Illeso;0;;Non accertato;Inesistente
1911431;19;21/05/2012 06:55;Strada Urbana;VIA DI BOCCEA;da specificare;;;;fronte Via Morsasco;Tamponamento;Curva a visuale libera;Una carreggiata a doppio senso;Bagnato (pioggia);Asfaltata;Orizzontale;Pioggia in atto;Normale;Buona;Ore Diurne;0;0;0;2;;;-1;1;Autovettura privata;In marcia / fermata / arresto;Conducente;F;Illeso;0;;Non accertato;Inesploso
1911431;19;21/05/2012 06:55;Strada Urbana;VIA DI BOCCEA;da specificare;;;;fronte Via Morsasco;Tamponamento;Curva a visuale libera;Una carreggiata a doppio senso;Bagnato (pioggia);Asfaltata;Orizzontale;Pioggia in atto;Normale;Buona;Ore Diurne;0;0;0;2;;;-1;2;Autovettura privata;In marcia / fermata / arresto;Conducente;F;Illeso;0;;Non accertato;Inesistente
1911432;19;21/05/2012 11:00;Strada Urbana;VIA CECILIO STAZIO;all'intersezione con;VIALE DELLE MEDAGLIE D'ORO;VIALE DELLE MEDAGLIE D'ORO;;;Investimento di pedone;Incrocio;Una carreggiata a senso unico di marcia;Bagnato (pioggia);Asfaltata;Verticale ed orizzontale;Nuvoloso;Normale;Buona;Ore Diurne;1;0;0;1;;;-1;;;;Pedone;F;Rimandato;0;NON DECEDUTO;;
1911432;19;21/05/2012 11:00;Strada Urbana;VIA CECILIO STAZIO;all'intersezione con;VIALE DELLE MEDAGLIE D'ORO;VIALE DELLE MEDAGLIE D'ORO;;;Investimento di pedone;Incrocio;Una carreggiata a senso unico di marcia;Bagnato (pioggia);Asfaltata;Verticale ed orizzontale;Nuvoloso;Normale;Buona;Ore Diurne;1;0;0;1;;;-1;1;Autovettura privata;In marcia / fermata / arresto;Conducente;M;Illeso;0;;Non accertato;Inesistente
1911433;3;19/05/2012 23:10;Strada Urbana;VIALE VENTUNO APRILE;da specificare;;;;fronte civico 109;Investimento di pedone;Rettilineo;Una carreggiata a doppio senso;Asciutto;Asfaltata;Verticale ed orizzontale;Sereno;Scarso;Buona;Sufficiente;1;0;0;1;;;-1;;;;Pedone;M;Rimandato;0;NON DECEDUTO;;
1911433;3;19/05/2012 23:10;Strada Urbana;VIALE VENTUNO APRILE;da specificare;;;;fronte civico 109;Investimento di pedone;Rettilineo;Una carreggiata a doppio senso;Asciutto;Asfaltata;Verticale ed orizzontale;Sereno;Scarso;Buona;Sufficiente;1;0;0;1;;;-1;1;Motociclo a solo;In marcia / fermata / arresto;Conducente;M;Illeso;0;;Non accertato;Inesistente
1911434;15;21/05/2012 08:10;Strada Urbana;VIA PORTUENSE;in prossimità;;del civico n. ;427;;Tamponamento;Rettilineo;Una carreggiata a doppio senso;Bagnato (pioggia);Asfaltata;Orizzontale;Pioggia in atto;Intenso;Sufficiente;Ore Diurne;0;0;0;2;;;-1;1;Autovettura privata;In marcia / fermata / arresto;Conducente;M;Illeso;0;;Utilizzato;Inesploso
1911434;15;21/05/2012 08:10;Strada Urbana;VIA PORTUENSE;in prossimità;;del civico n. ;427;;Tamponamento;Rettilineo;Una carreggiata a doppio senso;Bagnato (pioggia);Asfaltata;Orizzontale;Pioggia in atto;Intenso;Sufficiente;Ore Diurne;0;0;0;2;;;-1;2;Autovettura privata;In marcia / fermata / arresto;Conducente;M;Illeso;0;;Utilizzato;Inesploso
1911435;15;21/05/2012 12:10;Strada Urbana;VIA DELLA MAGLIANA NUOVA;all'intersezione semaforizzata con;VIA DI VILLA BONELLI;VIA DI VILLA BONELLI;;;Scontro laterale fra veicoli in marcia;Intersezione semaforizzata;Una carreggiata a doppio senso;Asciutto;Asfaltata;Verticale ed orizzontale;Nuvoloso;Normale;Sufficiente;Ore Diurne;2;0;0;1;;;-1;1;Autovettura privata;In marcia / fermata / arresto;Conducente;M;Illeso;0;;Utilizzato;Inesploso
1911435;15;21/05/2012 12:10;Strada Urbana;VIA DELLA MAGLIANA NUOVA;all'intersezione semaforizzata con;VIA DI VILLA BONELLI;VIA DI VILLA BONELLI;;;Scontro laterale fra veicoli in marcia;Intersezione semaforizzata;Una carreggiata a doppio senso;Asciutto;Asfaltata;Verticale ed orizzontale;Nuvoloso;Normale;Sufficiente;Ore Diurne;2;0;0;1;;;-1;2;Ciclomotore con passeggero;In marcia / fermata / arresto;Conducente;M;Rimandato;0;NON DECEDUTO;Utilizzato;Inesistente
1911435;15;21/05/2012 12:10;Strada Urbana;VIA DELLA MAGLIANA NUOVA;all'intersezione semaforizzata con;VIA DI VILLA BONELLI;VIA DI VILLA BONELLI;;;Scontro laterale fra veicoli in marcia;Intersezione semaforizzata;Una carreggiata a doppio senso;Asciutto;Asfaltata;Verticale ed orizzontale;Nuvoloso;Normale;Sufficiente;Ore Diurne;2;0;0;1;;;-1;2;Ciclomotore con passeggero;In marcia / fermata / arresto;Passeggero;F;Rimandato;0;NON DECEDUTO;Utilizzato;Inesistente
1911436;3;20/05/2012 07:30;Strada Urbana;PIAZZA MARIANO ARMELLINI;all'intersezione con;VIA IGNAZIO GIORGI;VIA IGNAZIO GIORGI;;;Scontro frontale/laterale DX fra veicoli in marcia;Incrocio;Una carreggiata a senso unico di marcia;Asciutto;Asfaltata;Verticale;Nuvoloso;Scarso;Buona;Ore Diurne;0;0;0;2;;;-1;1;Autovettura privata;In marcia / fermata / arresto;Conducente;M;Illeso;0;;Non accertato;Inesploso
1911436;3;20/05/2012 07:30;Strada Urbana;PIAZZA MARIANO ARMELLINI;all'intersezione con;VIA IGNAZIO GIORGI;VIA IGNAZIO GIORGI;;;Scontro frontale/laterale DX fra veicoli in marcia;Incrocio;Una carreggiata a senso unico di marcia;Asciutto;Asfaltata;Verticale;Nuvoloso;Scarso;Buona;Ore Diurne;0;0;0;2;;;-1;2;Autovettura privata;In marcia / fermata / arresto;Conducente;M;Illeso;0;;Non accertato;Inesploso
1911437;3;21/05/2012 08:00;Strada Urbana;VIA GIOVANNI BATTISTA MORGAGNI;in prossimità;;del civico n. ;11;;Ribaltamento senza urto contro ostacolo fisso;Rettilineo;Una carreggiata a doppio senso;Bagnato (pioggia);Asfaltata;Verticale ed orizzontale;Pioggia in atto;Normale;Buona;Ore Diurne;1;0;0;3;;;-1;1;Motociclo a solo;In marcia / fermata / arresto;Conducente;M;Rifiuta cure immediate;0;NON DECEDUTO;Utilizzato;Inesistente
1911437;3;21/05/2012 08:00;Strada Urbana;VIA GIOVANNI BATTISTA MORGAGNI;in prossimità;;del civico n. ;11;;Ribaltamento senza urto contro ostacolo fisso;Rettilineo;Una carreggiata a doppio senso;Bagnato (pioggia);Asfaltata;Verticale ed orizzontale;Pioggia in atto;Normale;Buona;Ore Diurne;1;0;0;3;;;-1;2;Autovettura privata;In marcia / fermata / arresto;Conducente;M;Illeso;0;;Utilizzato;Inesistente
1911437;3;21/05/2012 08:00;Strada Urbana;VIA GIOVANNI BATTISTA MORGAGNI;in prossimità;;del civico n. ;11;;Ribaltamento senza urto contro ostacolo fisso;Rettilineo;Una carreggiata a doppio senso;Bagnato (pioggia);Asfaltata;Verticale ed orizzontale;Pioggia in atto;Normale;Buona;Ore Diurne;1;0;0;3;;;-1;2;Autovettura privata;In marcia / fermata / arresto;Passeggero;M;Illeso;0;;Utilizzato;Inesistente
1911437;3;21/05/2012 08:00;Strada Urbana;VIA GIOVANNI BATTISTA MORGAGNI;in prossimità;;del civico n. ;11;;Ribaltamento senza urto contro ostacolo fisso;Rettilineo;Una carreggiata a doppio senso;Bagnato (pioggia);Asfaltata;Verticale ed orizzontale;Pioggia in atto;Normale;Buona;Ore Diurne;1;0;0;3;;;-1;2;Autovettura privata;In marcia / fermata / arresto;Passeggero;M;Illeso;0;;Utilizzato;
1911439;2;17/05/2012 15:30;Strada Urbana;VIA GIAN GIACOMO PORRO;in prossimità;;del civico n. ;7;;Veicolo in marcia contro veicolo arresto;Rettilineo;Una carreggiata a senso unico di marcia;Asciutto;Asfaltata;Verticale ed orizzontale;Sereno;Scarso;Buona;Ore Diurne;1;0;0;3;;;-1;1;Motociclo a solo;In marcia / fermata / arresto;Conducente;F;Rifiuta cure immediate;0;NON DECEDUTO;Non accertato;Inesistente
1911439;2;17/05/2012 15:30;Strada Urbana;VIA GIAN GIACOMO PORRO;in prossimità;;del civico n. ;7;;Veicolo in marcia contro veicolo arresto;Rettilineo;Una carreggiata a senso unico di marcia;Asciutto;Asfaltata;Verticale ed orizzontale;Sereno;Scarso;Buona;Ore Diurne;1;0;0;3;;;-1;2;Macchina operatrice;In marcia / fermata / arresto;Conducente;M;Illeso;0;;Non accertato;Inesistente
1911439;2;17/05/2012 15:30;Strada Urbana;VIA GIAN GIACOMO PORRO;in prossimità;;del civico n. ;7;;Veicolo in marcia contro veicolo arresto;Rettilineo;Una carreggiata a senso unico di marcia;Asciutto;Asfaltata;Verticale ed orizzontale;Sereno;Scarso;Buona;Ore Diurne;1;0;0;3;;;-1;2;Macchina operatrice;In marcia / fermata / arresto;Passeggero;M;Illeso;0;;Non accertato;Inesistente
1911439;2;17/05/2012 15:30;Strada Urbana;VIA GIAN GIACOMO PORRO;in prossimità;;del civico n. ;7;;Veicolo in marcia contro veicolo arresto;Rettilineo;Una carreggiata a senso unico di marcia;Asciutto;Asfaltata;Verticale ed orizzontale;Sereno;Scarso;Buona;Ore Diurne;1;0;0;3;;;-1;2;Macchina operatrice;In marcia / fermata / arresto;Passeggero;M;Illeso;0;;Non accertato;Inesistente
1911440;2;18/05/2012 22:54;Strada Urbana;LUNGOTEVERE DELL'ACQUA ACETOSA;in prossimità;;del civico n. ;fronte 27;;Scontro frontale/laterale SX fra veicoli in marcia;Rettilineo;Due carreggiate;Asciutto;Asfaltata;Verticale ed orizzontale;Sereno;Scarso;Sufficiente;Sufficiente;0;0;0;4;;;-1;1;Autovettura privata;In marcia / fermata / arresto;Conducente;F;Illeso;0;;Non accertato;Inesistente
1911440;2;18/05/2012 22:54;Strada Urbana;LUNGOTEVERE DELL'ACQUA ACETOSA;in prossimità;;del civico n. ;fronte 27;;Scontro frontale/laterale SX fra veicoli in marcia;Rettilineo;Due carreggiate;Asciutto;Asfaltata;Verticale ed orizzontale;Sereno;Scarso;Sufficiente;Sufficiente;0;0;0;4;;;-1;1;Autovettura privata;In marcia / fermata / arresto;Passeggero;M;Illeso;0;;Non accertato;Inesistente
1911440;2;18/05/2012 22:54;Strada Urbana;LUNGOTEVERE DELL'ACQUA ACETOSA;in prossimità;;del civico n. ;fronte 27;;Scontro frontale/laterale SX fra veicoli in marcia;Rettilineo;Due carreggiate;Asciutto;Asfaltata;Verticale ed orizzontale;Sereno;Scarso;Sufficiente;Sufficiente;0;0;0;4;;;-1;2;Motociclo con passeggero;In marcia / fermata / arresto;Conducente;M;Illeso;0;;Non accertato;Inesistente
1911440;2;18/05/2012 22:54;Strada Urbana;LUNGOTEVERE DELL'ACQUA ACETOSA;in prossimità;;del civico n. ;fronte 27;;Scontro frontale/laterale SX fra veicoli in marcia;Rettilineo;Due carreggiate;Asciutto;Asfaltata;Verticale ed orizzontale;Sereno;Scarso;Sufficiente;Sufficiente;0;0;0;4;;;-1;2;Motociclo con passeggero;In marcia / fermata / arresto;Passeggero;M;Illeso;0;;Non accertato;Inesistente
1911441;2;18/05/2012 09:00;Strada Urbana;VIALE REGINA MARGHERITA;all'intersezione semaforizzata con;PIAZZA BUENOS AIRES;PIAZZA BUENOS AIRES;;;Scontro laterale fra veicoli in marcia;Incrocio;Una carreggiata a doppio senso;Asciutto;Asfaltata;Verticale ed orizzontale;Sereno;Normale;Buona;Ore Diurne;0;0;0;2;;;-1;1;Autovettura privata;In marcia / fermata / arresto;Conducente;M;Illeso;0;;Non accertato;Inesistente
1911441;2;18/05/2012 09:00;Strada Urbana;VIALE REGINA MARGHERITA;all'intersezione semaforizzata con;PIAZZA BUENOS AIRES;PIAZZA BUENOS AIRES;;;Scontro laterale fra veicoli in marcia;Incrocio;Una carreggiata a doppio senso;Asciutto;Asfaltata;Verticale ed orizzontale;Sereno;Normale;Buona;Ore Diurne;0;0;0;2;;;-1;2;Autovettura pubblica;In marcia / fermata / arresto;Conducente;M;Illeso;0;;Non accertato;Inesistente
1911442;18;21/05/2012 09:00;Strada Urbana;VIA DI VAL CANNUTA;in prossimità;;del civico n. ;148;;Investimento di pedone;Rettilineo;Una carreggiata a doppio senso;Bagnato (pioggia);Asfaltata;Verticale ed orizzontale;Pioggia in atto;Normale;Buona;Ore Diurne;2;0;0;1;;;-1;;;;Pedone;F;Rimandato;0;NON DECEDUTO;;
1911442;18;21/05/2012 09:00;Strada Urbana;VIA DI VAL CANNUTA;in prossimità;;del civico n. ;148;;Investimento di pedone;Rettilineo;Una carreggiata a doppio senso;Bagnato (pioggia);Asfaltata;Verticale ed orizzontale;Pioggia in atto;Normale;Buona;Ore Diurne;2;0;0;1;;;-1;;;;Pedone;M;Rimandato;0;NON DECEDUTO;;
1911442;18;21/05/2012 09:00;Strada Urbana;VIA DI VAL CANNUTA;in prossimità;;del civico n. ;148;;Investimento di pedone;Rettilineo;Una carreggiata a doppio senso;Bagnato (pioggia);Asfaltata;Verticale ed orizzontale;Pioggia in atto;Normale;Buona;Ore Diurne;2;0;0;1;;;-1;1;Motociclo a solo;In marcia / fermata / arresto;Conducente;M;Illeso;0;;Non accertato;Inesistente
1911443;2;18/05/2012 18:35;Strada Urbana;Tangenziale Est direzione S. Giovanni;all'intersezione semaforizzata con;VIALE SOMALIA;VIALE SOMALIA;;;Scontro laterale fra veicoli in marcia;Intersezione semaforizzata;Una carreggiata a senso unico di marcia;Asciutto;Asfaltata;Verticale ed orizzontale;Sereno;Normale;Buona;Ore Diurne;0;0;0;3;;;-1;1;Autovettura privata;In marcia / fermata / arresto;Conducente;M;Illeso;0;;Non accertato;Inesistente
1911443;2;18/05/2012 18:35;Strada Urbana;Tangenziale Est direzione S. Giovanni;all'intersezione semaforizzata con;VIALE SOMALIA;VIALE SOMALIA;;;Scontro laterale fra veicoli in marcia;Intersezione semaforizzata;Una carreggiata a senso unico di marcia;Asciutto;Asfaltata;Verticale ed orizzontale;Sereno;Normale;Buona;Ore Diurne;0;0;0;3;;;-1;1;Autovettura privata;In marcia / fermata / arresto;Passeggero;M;Illeso;0;;Non accertato;Inesistente
1911443;2;18/05/2012 18:35;Strada Urbana;Tangenziale Est direzione S. Giovanni;all'intersezione semaforizzata con;VIALE SOMALIA;VIALE SOMALIA;;;Scontro laterale fra veicoli in marcia;Intersezione semaforizzata;Una carreggiata a senso unico di marcia;Asciutto;Asfaltata;Verticale ed orizzontale;Sereno;Normale;Buona;Ore Diurne;0;0;0;3;;;-1;2;Motociclo a solo;In marcia / fermata / arresto;Conducente;M;Illeso;0;;Non accertato;Inesistente
1911444;2;19/05/2012 04:15;Strada Urbana;VIALE BRUNO BUOZZI;da specificare;;;;in prossimità di Piazza Don Minzoni ;Veicolo in marcia contro veicolo fermo;Rettilineo;Una carreggiata a doppio senso;Asciutto;Asfaltata;Verticale ed orizzontale;Sereno;Scarso;Sufficiente;Sufficiente;1;0;0;0;;;-1;1;Ciclomotore;In marcia / fermata / arresto;Conducente;F;Rimandato;0;NON DECEDUTO;Non accertato;Inesistente
1911446;11;21/05/2012 11:00;Strada Urbana;VIA DI TOR CARBONE;da specificare;;;;prox curva sx che precede civ. 102 dir. A. Antica;Scontro frontale fra veicoli in marcia;Curva senza visuale libera;Una carreggiata a doppio senso;Bagnato (pioggia);Asfaltata;Orizzontale;Pioggia in atto;Normale;Buona;Ore Diurne;2;0;0;0;;;-1;1;Autovettura privata;In marcia / fermata / arresto;Conducente;M;Rimandato;0;NON DECEDUTO;Non accertato;Inesistente
1911446;11;21/05/2012 11:00;Strada Urbana;VIA DI TOR CARBONE;da specificare;;;;prox curva sx che precede civ. 102 dir. A. Antica;Scontro frontale fra veicoli in marcia;Curva senza visuale libera;Una carreggiata a doppio senso;Bagnato (pioggia);Asfaltata;Orizzontale;Pioggia in atto;Normale;Buona;Ore Diurne;2;0;0;0;;;-1;2;Autovettura privata;In marcia / fermata / arresto;Conducente;M;Rimandato;0;NON DECEDUTO;Non accertato;Esploso
1911447;18;21/05/2012 07:10;Strada Urbana;VIA AURELIA;all'intersezione con;VIA DELLA MADONNA DEL RIPOSO;VIA DELLA MADONNA DEL RIPOSO;;;Tamponamento;Intersezione semaforizzata;Una carreggiata a doppio senso;Bagnato (pioggia);Asfaltata;Verticale ed orizzontale;Pioggia in atto;Normale;Buona;Ore Diurne;1;0;0;1;;;-1;1;Autovettura privata;In marcia / fermata / arresto;Conducente;M;Rifiuta cure immediate;0;NON DECEDUTO;Non accertato;Inesploso
1911447;18;21/05/2012 07:10;Strada Urbana;VIA AURELIA;all'intersezione con;VIA DELLA MADONNA DEL RIPOSO;VIA DELLA MADONNA DEL RIPOSO;;;Tamponamento;Intersezione semaforizzata;Una carreggiata a doppio senso;Bagnato (pioggia);Asfaltata;Verticale ed orizzontale;Pioggia in atto;Normale;Buona;Ore Diurne;1;0;0;1;;;-1;2;Autocarro inferiore 35 q.;In marcia / fermata / arresto;Conducente;M;Illeso;0;;Non accertato;Inesploso
1911448;2;19/05/2012 13:30;Strada Urbana;VIA NEMORENSE;all'intersezione semaforizzata con;VIA ANAPO;VIA ANAPO;;;Scontro laterale fra veicoli in marcia;Intersezione semaforizzata;Una carreggiata a doppio senso;Asciutto;Asfaltata;Verticale ed orizzontale;Sereno;Normale;Buona;Ore Diurne;1;0;0;2;;;-1;1;Motociclo a solo;In marcia / fermata / arresto;Conducente;M;Rifiuta cure immediate;0;NON DECEDUTO;Non accertato;Inesistente
1911448;2;19/05/2012 13:30;Strada Urbana;VIA NEMORENSE;all'intersezione semaforizzata con;VIA ANAPO;VIA ANAPO;;;Scontro laterale fra veicoli in marcia;Intersezione semaforizzata;Una carreggiata a doppio senso;Asciutto;Asfaltata;Verticale ed orizzontale;Sereno;Normale;Buona;Ore Diurne;1;0;0;2;;;-1;2;Autovettura privata;In marcia / fermata / arresto;Conducente;F;Illeso;0;;Non accertato;Inesistente
1911448;2;19/05/2012 13:30;Strada Urbana;VIA NEMORENSE;all'intersezione semaforizzata con;VIA ANAPO;VIA ANAPO;;;Scontro laterale fra veicoli in marcia;Intersezione semaforizzata;Una carreggiata a doppio senso;Asciutto;Asfaltata;Verticale ed orizzontale;Sereno;Normale;Buona;Ore Diurne;1;0;0;2;;;-1;2;Autovettura privata;In marcia / fermata / arresto;Passeggero;M;Illeso;0;;Non accertato;Inesistente
1911449;2;19/05/2012 20:00;Strada Urbana;VIALE DELLE BELLE ARTI;in prossimità;;del civico n. ;10;;Infortunio per sola frenata improvvisa;Rettilineo;Più di due carreggiate;Asciutto;Asfaltata;Verticale ed orizzontale;Sereno;Normale;Buona;Ore Diurne;1;0;0;0;;;-1;1;Motociclo a solo;In marcia / fermata / arresto;Conducente;F;Ricoverato;0;NON DECEDUTO;Non accertato;Inesistente
1911450;2;20/05/2012 03:00;Strada Urbana;VIA DI S. COSTANZA;all'intersezione con;VIA CATTARO;VIA CATTARO;;;Scontro frontale/laterale SX fra veicoli in marcia;Incrocio;Due carreggiate;Asciutto;Asfaltata;Verticale ed orizzontale;Sereno;Scarso;Sufficiente;Sufficiente;1;0;0;5;;;-1;1;Autovettura privata;In marcia / fermata / arresto;Conducente;F;Illeso;0;;Non accertato;Inesploso
1911450;2;20/05/2012 03:00;Strada Urbana;VIA DI S. COSTANZA;all'intersezione con;VIA CATTARO;VIA CATTARO;;;Scontro frontale/laterale SX fra veicoli in marcia;Incrocio;Due carreggiate;Asciutto;Asfaltata;Verticale ed orizzontale;Sereno;Scarso;Sufficiente;Sufficiente;1;0;0;5;;;-1;1;Autovettura privata;In marcia / fermata / arresto;Passeggero;F;Illeso;0;;Non accertato;Inesploso
1911450;2;20/05/2012 03:00;Strada Urbana;VIA DI S. COSTANZA;all'intersezione con;VIA CATTARO;VIA CATTARO;;;Scontro frontale/laterale SX fra veicoli in marcia;Incrocio;Due carreggiate;Asciutto;Asfaltata;Verticale ed orizzontale;Sereno;Scarso;Sufficiente;Sufficiente;1;0;0;5;;;-1;2;Autovettura privata;In marcia / fermata / arresto;Conducente;M;Illeso;0;;Non accertato;Esploso
1911450;2;20/05/2012 03:00;Strada Urbana;VIA DI S. COSTANZA;all'intersezione con;VIA CATTARO;VIA CATTARO;;;Scontro frontale/laterale SX fra veicoli in marcia;Incrocio;Due carreggiate;Asciutto;Asfaltata;Verticale ed orizzontale;Sereno;Scarso;Sufficiente;Sufficiente;1;0;0;5;;;-1;2;Autovettura privata;In marcia / fermata / arresto;Passeggero;F;Illeso;0;;Non accertato;Inesistente
1911450;2;20/05/2012 03:00;Strada Urbana;VIA DI S. COSTANZA;all'intersezione con;VIA CATTARO;VIA CATTARO;;;Scontro frontale/laterale SX fra veicoli in marcia;Incrocio;Due carreggiate;Asciutto;Asfaltata;Verticale ed orizzontale;Sereno;Scarso;Sufficiente;Sufficiente;1;0;0;5;;;-1;2;Autovettura privata;In marcia / fermata / arresto;Passeggero;M;Illeso;0;;Non accertato;Inesistente
1911450;2;20/05/2012 03:00;Strada Urbana;VIA DI S. COSTANZA;all'intersezione con;VIA CATTARO;VIA CATTARO;;;Scontro frontale/laterale SX fra veicoli in marcia;Incrocio;Due carreggiate;Asciutto;Asfaltata;Verticale ed orizzontale;Sereno;Scarso;Sufficiente;Sufficiente;1;0;0;5;;;-1;2;Autovettura privata;In marcia / fermata / arresto;Passeggero;M;Rimandato;0;NON DECEDUTO;Non accertato;Inesistente
1911451;9;21/05/2012 08:30;Strada Urbana;VIA ENEA;all'intersezione con;VIA MUZIO SCEVOLA;VIA MUZIO SCEVOLA;;;Scontro frontale/laterale DX fra veicoli in marcia;Incrocio;Una carreggiata a senso unico di marcia;Bagnato (pioggia);Asfaltata;Verticale ed orizzontale;Pioggia in atto;Normale;Sufficiente;Ore Diurne;0;0;0;5;;;-1;1;Autovettura privata;In marcia / fermata / arresto;Conducente;F;Illeso;0;;Non accertato;Inesistente
1911451;9;21/05/2012 08:30;Strada Urbana;VIA ENEA;all'intersezione con;VIA MUZIO SCEVOLA;VIA MUZIO SCEVOLA;;;Scontro frontale/laterale DX fra veicoli in marcia;Incrocio;Una carreggiata a senso unico di marcia;Bagnato (pioggia);Asfaltata;Verticale ed orizzontale;Pioggia in atto;Normale;Sufficiente;Ore Diurne;0;0;0;5;;;-1;2;Autovettura privata;In marcia / fermata / arresto;Conducente;M;Illeso;0;;Non accertato;Inesistente
1911451;9;21/05/2012 08:30;Strada Urbana;VIA ENEA;all'intersezione con;VIA MUZIO SCEVOLA;VIA MUZIO SCEVOLA;;;Scontro frontale/laterale DX fra veicoli in marcia;Incrocio;Una carreggiata a senso unico di marcia;Bagnato (pioggia);Asfaltata;Verticale ed orizzontale;Pioggia in atto;Normale;Sufficiente;Ore Diurne;0;0;0;5;;;-1;2;Autovettura privata;In marcia / fermata / arresto;Passeggero;F;Illeso;0;;Non accertato;Inesistente
1911451;9;21/05/2012 08:30;Strada Urbana;VIA ENEA;all'intersezione con;VIA MUZIO SCEVOLA;VIA MUZIO SCEVOLA;;;Scontro frontale/laterale DX fra veicoli in marcia;Incrocio;Una carreggiata a senso unico di marcia;Bagnato (pioggia);Asfaltata;Verticale ed orizzontale;Pioggia in atto;Normale;Sufficiente;Ore Diurne;0;0;0;5;;;-1;2;Autovettura privata;In marcia / fermata / arresto;Passeggero;M;Illeso;0;;Non accertato;Inesistente
1911451;9;21/05/2012 08:30;Strada Urbana;VIA ENEA;all'intersezione con;VIA MUZIO SCEVOLA;VIA MUZIO SCEVOLA;;;Scontro frontale/laterale DX fra veicoli in marcia;Incrocio;Una carreggiata a senso unico di marcia;Bagnato (pioggia);Asfaltata;Verticale ed orizzontale;Pioggia in atto;Normale;Sufficiente;Ore Diurne;0;0;0;5;;;-1;2;Autovettura privata;In marcia / fermata / arresto;Passeggero;F;Illeso;0;;Non accertato;Inesistente
1911453;17;20/05/2012 22:20;Strada Urbana;PIAZZALE CLODIO;all'intersezione semaforizzata con;VIA DARDANELLI;VIA DARDANELLI;;;Scontro laterale fra veicoli in marcia;Intersezione semaforizzata;Più di due carreggiate;Bagnato (pioggia);Asfaltata;Verticale ed orizzontale;Nuvoloso;Scarso;Buona;Sufficiente;0;0;0;2;;;-1;1;Autovettura privata;In marcia / fermata / arresto;Conducente;M;Illeso;0;;Non accertato;Inesistente
1911453;17;20/05/2012 22:20;Strada Urbana;PIAZZALE CLODIO;all'intersezione semaforizzata con;VIA DARDANELLI;VIA DARDANELLI;;;Scontro laterale fra veicoli in marcia;Intersezione semaforizzata;Più di due carreggiate;Bagnato (pioggia);Asfaltata;Verticale ed orizzontale;Nuvoloso;Scarso;Buona;Sufficiente;0;0;0;2;;;-1;2;Autovettura privata;In marcia / fermata / arresto;Conducente;M;Illeso;0;;Non accertato;
1911454;17;20/05/2012 21:00;Strada Urbana;VIALE DEI CAVALIERI DI VITTORIO VENETO;da specificare;;;;10 metri circa da via Polerà;Fuoriuscita dalla sede stradale;Rettilineo;Due carreggiate;Bagnato (pioggia);Asfaltata;Verticale ed orizzontale;Nuvoloso;Scarso;Sufficiente;Sufficiente;0;0;0;1;;;-1;1;Autovettura privata;In marcia / fermata / arresto;Conducente;M;Illeso;0;;Non accertato;Inesistente
1911455;9;21/05/2012 09:50;Strada Urbana;VIA CILICIA;da specificare;;;;"altezza ristorante ""ar montarozzo""";Veicolo in marcia contro ostacolo fisso;Rettilineo;Due carreggiate;Bagnato (pioggia);Asfaltata;Orizzontale;Nuvoloso;Normale;Sufficiente;Ore Diurne;0;0;0;1;;;-1;1;Autovettura privata;In marcia / fermata / arresto;Conducente;M;Illeso;0;;Non accertato;Inesistente
1911456;2;20/05/2012 23:18;Strada Urbana;LUNGOTEVERE FLAMINIO;all'intersezione semaforizzata con;VIA CESARE FRACASSINI;VIA CESARE FRACASSINI;;;Scontro frontale/laterale DX fra veicoli in marcia;Incrocio;Una carreggiata a doppio senso;Bagnato (pioggia);Asfaltata;Verticale ed orizzontale;Nuvoloso;Normale;Buona;Sufficiente;1;0;0;3;;;-1;1;Autovettura privata;In marcia / fermata / arresto;Conducente;M;Illeso;0;;Non accertato;Inesistente
1911456;2;20/05/2012 23:18;Strada Urbana;LUNGOTEVERE FLAMINIO;all'intersezione semaforizzata con;VIA CESARE FRACASSINI;VIA CESARE FRACASSINI;;;Scontro frontale/laterale DX fra veicoli in marcia;Incrocio;Una carreggiata a doppio senso;Bagnato (pioggia);Asfaltata;Verticale ed orizzontale;Nuvoloso;Normale;Buona;Sufficiente;1;0;0;3;;;-1;1;Autovettura privata;In marcia / fermata / arresto;Passeggero;M;Ricoverato;0;NON DECEDUTO;Non accertato;Inesistente