Protocollo;Gruppo;DataOraIncidente;Localizzazione1;STRADA1;Localizzazione2;STRADA2;Strada02;Chilometrica;DaSpecificare;NaturaIncidente;particolaritastrade;TipoStrada;FondoStradale;Pavimentazione;Segnaletica;CondizioneAtmosferica;Traffico;Visibilita;Illuminazione;NUM_FERITI;NUM_RISERVATA;NUM_MORTI;NUM_ILLESI;Longitudine;Latitudine;Confermato;Progressivo;TipoVeicolo;StatoVeicolo;TipoPersona;Sesso;Tipolesione;Deceduto;DecedutoDopo;CinturaCascoUtilizzato;Airbag
1912914;17;30/05/2012 13:40;Strada Urbana;VIA LEONE IV;in corrispondenza;;del civico n. ;30;;Tamponamento;Rettilineo;Una carreggiata a doppio senso;Asciutto;Asfaltata;Verticale ed orizzontale;Sereno;Normale;Buona;Ore Diurne;0;0;0;2;;;-1;1;Autocarro inferiore 35 q.;In marcia / fermata / arresto;Conducente;M;Illeso;0;;Non accertato;Inesploso
1912914;17;30/05/2012 13:40;Strada Urbana;VIA LEONE IV;in corrispondenza;;del civico n. ;30;;Tamponamento;Rettilineo;Una carreggiata a doppio senso;Asciutto;Asfaltata;Verticale ed orizzontale;Sereno;Normale;Buona;Ore Diurne;0;0;0;2;;;-1;2;Motociclo a solo;In marcia / fermata / arresto;Conducente;M;Illeso;0;;Non accertato;Inesistente
1912924;16;31/05/2012 19:05;Strada Urbana;PIAZZALE ENRICO DUNANT;in prossimità;;del civico n. ;65;;Scontro laterale fra veicoli in marcia;Rettilineo;Due carreggiate;Asciutto;Asfaltata;Verticale ed orizzontale;Sereno;Normale;Buona;Ore Diurne;0;0;0;2;;;-1;1;Autovettura privata;In marcia / fermata / arresto;Conducente;M;Illeso;0;;Non accertato;Inesploso
1912924;16;31/05/2012 19:05;Strada Urbana;PIAZZALE ENRICO DUNANT;in prossimità;;del civico n. ;65;;Scontro laterale fra veicoli in marcia;Rettilineo;Due carreggiate;Asciutto;Asfaltata;Verticale ed orizzontale;Sereno;Normale;Buona;Ore Diurne;0;0;0;2;;;-1;2;Autovettura privata;In marcia / fermata / arresto;Conducente;F;Illeso;0;;Non accertato;Inesploso
1912959;8;31/05/2012 13:20;Strada Urbana;VIA CASILINA;all'intersezione con;VIA DI TOR BELLA MONACA;VIA DI TOR BELLA MONACA;;;Scontro laterale fra veicoli in marcia;Intersezione stradale segnalata;Una carreggiata a doppio senso;Asciutto;Asfaltata;Verticale ed orizzontale;Sereno;Intenso;Buona;Ore Diurne;0;0;0;2;;;-1;1;Autocarro inferiore 35 q.;In marcia / fermata / arresto;Conducente;M;Illeso;0;;Non accertato;Inesistente
1912959;8;31/05/2012 13:20;Strada Urbana;VIA CASILINA;all'intersezione con;VIA DI TOR BELLA MONACA;VIA DI TOR BELLA MONACA;;;Scontro laterale fra veicoli in marcia;Intersezione stradale segnalata;Una carreggiata a doppio senso;Asciutto;Asfaltata;Verticale ed orizzontale;Sereno;Intenso;Buona;Ore Diurne;0;0;0;2;;;-1;2;Autocarro inferiore 35 q.;In marcia / fermata / arresto;Conducente;M;Illeso;0;;Non accertato;Inesistente
1912981;4;11/05/2012 18:45;Strada Urbana;VIA DELL'ATENEO SALESIANO;all'intersezione con;PIAZZA DELL'ATENEO SALESIANO;PIAZZA DELL'ATENEO SALESIANO;;;Scontro laterale fra veicoli in marcia;Rotatoria;Una carreggiata a senso unico di marcia;Asciutto;Asfaltata;Verticale ed orizzontale;Sereno;Normale;Buona;Ore Diurne;0;0;0;2;;;-1;1;Autovettura privata;In marcia / fermata / arresto;Conducente;F;Illeso;0;;Non accertato;Inesploso
1912981;4;11/05/2012 18:45;Strada Urbana;VIA DELL'ATENEO SALESIANO;all'intersezione con;PIAZZA DELL'ATENEO SALESIANO;PIAZZA DELL'ATENEO SALESIANO;;;Scontro laterale fra veicoli in marcia;Rotatoria;Una carreggiata a senso unico di marcia;Asciutto;Asfaltata;Verticale ed orizzontale;Sereno;Normale;Buona;Ore Diurne;0;0;0;2;;;-1;2;Motociclo a solo;In marcia / fermata / arresto;Conducente;M;Illeso;0;;Non accertato;Inesistente
1913007;4;11/05/2012 12:50;Strada Urbana;VIA DEI PRATI FISCALI;all'intersezione semaforizzata con;VIA CAVRIGLIA;VIA CAVRIGLIA;;;Tamponamento;Intersezione semaforizzata;Una carreggiata a senso unico di marcia;Asciutto;Asfaltata;Verticale ed orizzontale;Sereno;Scarso;Buona;Ore Diurne;0;0;0;2;;;-1;1;Autovettura privata;In marcia / fermata / arresto;Conducente;M;Illeso;0;;Non accertato;Inesistente
1913007;4;11/05/2012 12:50;Strada Urbana;VIA DEI PRATI FISCALI;all'intersezione semaforizzata con;VIA CAVRIGLIA;VIA CAVRIGLIA;;;Tamponamento;Intersezione semaforizzata;Una carreggiata a senso unico di marcia;Asciutto;Asfaltata;Verticale ed orizzontale;Sereno;Scarso;Buona;Ore Diurne;0;0;0;2;;;-1;2;Autovettura privata;In marcia / fermata / arresto;Conducente;M;Illeso;0;;Non accertato;Inesistente
1913013;4;11/05/2012 04:40;Provinciale;VIA NOMENTANA;da specificare;;;;prossimità civico 1252;Veicolo in marcia contro ostacolo fisso;Rettilineo;Una carreggiata a doppio senso;Asciutto;Asfaltata;Orizzontale;Sereno;Scarso;Sufficiente;Sufficiente;1;0;0;0;;;-1;1;Autovettura privata;In marcia / fermata / arresto;Conducente;F;Rimandato;0;NON DECEDUTO;Non accertato;Inesistente
1913014;5;24/05/2012 10:45;Strada Urbana;VIA TIBURTINA;all'intersezione semaforizzata con;VIA DEL CASALE DI S. BASILIO;VIA DEL CASALE DI S. BASILIO;;;Tamponamento;Intersezione semaforizzata;Due carreggiate;Asciutto;Asfaltata;Verticale ed orizzontale;Sereno;Intenso;Buona;Ore Diurne;0;0;0;2;;;-1;1;Autoarticolato;In marcia / fermata / arresto;Conducente;M;Illeso;0;;Non accertato;Inesploso
1913014;5;24/05/2012 10:45;Strada Urbana;VIA TIBURTINA;all'intersezione semaforizzata con;VIA DEL CASALE DI S. BASILIO;VIA DEL CASALE DI S. BASILIO;;;Tamponamento;Intersezione semaforizzata;Due carreggiate;Asciutto;Asfaltata;Verticale ed orizzontale;Sereno;Intenso;Buona;Ore Diurne;0;0;0;2;;;-1;2;Motociclo a solo;In marcia / fermata / arresto;Conducente;M;Illeso;0;;Non accertato;Inesistente
1913016;4;12/05/2012 11:05;Strada Urbana;PIAZZA DEI VOCAZIONISTI;all'intersezione con;VIA RADICOFANI;VIA RADICOFANI;;;Veicolo in marcia contro veicolo in sosta;Rotatoria;Una carreggiata a senso unico di marcia;Asciutto;Asfaltata;Verticale ed orizzontale;Sereno;Intenso;Buona;Ore Diurne;0;0;0;1;;;-1;2;Autovettura privata;In marcia / fermata / arresto;Conducente;F;Illeso;0;;Non accertato;Inesistente
1913032;5;22/05/2012 00:01;Strada Urbana;VIA TIBURTINA;all'intersezione semaforizzata con;VIA DI PIETRALATA;VIA DI PIETRALATA;;;Scontro frontale/laterale SX fra veicoli in marcia;Intersezione semaforizzata;Una carreggiata a doppio senso;Bagnato (pioggia);Asfaltata;Verticale ed orizzontale;Pioggia in atto;Scarso;Sufficiente;Sufficiente;0;0;0;3;;;-1;1;Autovettura privata;In marcia / fermata / arresto;Conducente;M;Illeso;0;;Non accertato;Inesistente
1913032;5;22/05/2012 00:01;Strada Urbana;VIA TIBURTINA;all'intersezione semaforizzata con;VIA DI PIETRALATA;VIA DI PIETRALATA;;;Scontro frontale/laterale SX fra veicoli in marcia;Intersezione semaforizzata;Una carreggiata a doppio senso;Bagnato (pioggia);Asfaltata;Verticale ed orizzontale;Pioggia in atto;Scarso;Sufficiente;Sufficiente;0;0;0;3;;;-1;1;Autovettura privata;In marcia / fermata / arresto;Passeggero;M;Illeso;0;;Non accertato;Inesistente
1913032;5;22/05/2012 00:01;Strada Urbana;VIA TIBURTINA;all'intersezione semaforizzata con;VIA DI PIETRALATA;VIA DI PIETRALATA;;;Scontro frontale/laterale SX fra veicoli in marcia;Intersezione semaforizzata;Una carreggiata a doppio senso;Bagnato (pioggia);Asfaltata;Verticale ed orizzontale;Pioggia in atto;Scarso;Sufficiente;Sufficiente;0;0;0;3;;;-1;2;Motociclo a solo;In marcia / fermata / arresto;Conducente;M;Illeso;0;;Non accertato;Inesistente
1913033;4;12/05/2012 10:30;Strada Urbana;VIA DEI PRATI FISCALI;in prossimità;;del civico n. ;396;;Scontro laterale fra veicoli in marcia;Rettilineo;Due carreggiate;Asciutto;Asfaltata;Verticale ed orizzontale;Sereno;Normale;Buona;Ore Diurne;1;0;0;1;;;-1;1;Autovettura privata;In marcia / fermata / arresto;Conducente;M;Illeso;0;;Non accertato;Inesistente
1913033;4;12/05/2012 10:30;Strada Urbana;VIA DEI PRATI FISCALI;in prossimità;;del civico n. ;396;;Scontro laterale fra veicoli in marcia;Rettilineo;Due carreggiate;Asciutto;Asfaltata;Verticale ed orizzontale;Sereno;Normale;Buona;Ore Diurne;1;0;0;1;;;-1;2;Motociclo a solo;In marcia / fermata / arresto;Conducente;F;Rimandato;0;NON DECEDUTO;Non accertato;Inesistente
1913041;5;24/05/2012 23:45;Strada Urbana;VIALE PALMIRO TOGLIATTI;in prossimità;;del civico n. ;849;;Scontro frontale/laterale SX fra veicoli in marcia;Rettilineo;Una carreggiata a doppio senso;Asciutto;Asfaltata;Verticale ed orizzontale;Sereno;Normale;Buona;Sufficiente;2;0;0;4;;;-1;1;Autovettura privata;In marcia / fermata / arresto;Conducente;M;Illeso;0;;Non accertato;Inesistente
1913041;5;24/05/2012 23:45;Strada Urbana;VIALE PALMIRO TOGLIATTI;in prossimità;;del civico n. ;849;;Scontro frontale/laterale SX fra veicoli in marcia;Rettilineo;Una carreggiata a doppio senso;Asciutto;Asfaltata;Verticale ed orizzontale;Sereno;Normale;Buona;Sufficiente;2;0;0;4;;;-1;1;Autovettura privata;In marcia / fermata / arresto;Passeggero;F;Illeso;0;;Non accertato;Inesistente
1913041;5;24/05/2012 23:45;Strada Urbana;VIALE PALMIRO TOGLIATTI;in prossimità;;del civico n. ;849;;Scontro frontale/laterale SX fra veicoli in marcia;Rettilineo;Una carreggiata a doppio senso;Asciutto;Asfaltata;Verticale ed orizzontale;Sereno;Normale;Buona;Sufficiente;2;0;0;4;;;-1;1;Autovettura privata;In marcia / fermata / arresto;Passeggero;F;Illeso;0;;Non accertato;Inesistente
1913041;5;24/05/2012 23:45;Strada Urbana;VIALE PALMIRO TOGLIATTI;in prossimità;;del civico n. ;849;;Scontro frontale/laterale SX fra veicoli in marcia;Rettilineo;Una carreggiata a doppio senso;Asciutto;Asfaltata;Verticale ed orizzontale;Sereno;Normale;Buona;Sufficiente;2;0;0;4;;;-1;1;Autovettura privata;In marcia / fermata / arresto;Passeggero;M;Illeso;0;;Non accertato;Inesistente
1913041;5;24/05/2012 23:45;Strada Urbana;VIALE PALMIRO TOGLIATTI;in prossimità;;del civico n. ;849;;Scontro frontale/laterale SX fra veicoli in marcia;Rettilineo;Una carreggiata a doppio senso;Asciutto;Asfaltata;Verticale ed orizzontale;Sereno;Normale;Buona;Sufficiente;2;0;0;4;;;-1;2;Autovettura di polizia;In marcia / fermata / arresto;Conducente;M;Rimandato;0;NON DECEDUTO;Non accertato;Inesistente
1913041;5;24/05/2012 23:45;Strada Urbana;VIALE PALMIRO TOGLIATTI;in prossimità;;del civico n. ;849;;Scontro frontale/laterale SX fra veicoli in marcia;Rettilineo;Una carreggiata a doppio senso;Asciutto;Asfaltata;Verticale ed orizzontale;Sereno;Normale;Buona;Sufficiente;2;0;0;4;;;-1;2;Autovettura di polizia;In marcia / fermata / arresto;Passeggero;M;Rimandato;0;NON DECEDUTO;Non accertato;Inesistente
1913082;5;23/05/2012 10:45;Strada Urbana;VIA TIBURTINA;in corrispondenza;;del civico n. ;644;;Scontro frontale/laterale SX fra veicoli in marcia;Rettilineo;Due carreggiate;Asciutto;Asfaltata;Verticale ed orizzontale;Sereno;Normale;Buona;Ore Diurne;0;0;0;3;;;-1;1;Autovettura privata;In marcia / fermata / arresto;Conducente;M;Illeso;0;;Non accertato;Inesistente
1913082;5;23/05/2012 10:45;Strada Urbana;VIA TIBURTINA;in corrispondenza;;del civico n. ;644;;Scontro frontale/laterale SX fra veicoli in marcia;Rettilineo;Due carreggiate;Asciutto;Asfaltata;Verticale ed orizzontale;Sereno;Normale;Buona;Ore Diurne;0;0;0;3;;;-1;1;Autovettura privata;In marcia / fermata / arresto;Passeggero;F;Illeso;0;;Non accertato;Inesistente
1913082;5;23/05/2012 10:45;Strada Urbana;VIA TIBURTINA;in corrispondenza;;del civico n. ;644;;Scontro frontale/laterale SX fra veicoli in marcia;Rettilineo;Due carreggiate;Asciutto;Asfaltata;Verticale ed orizzontale;Sereno;Normale;Buona;Ore Diurne;0;0;0;3;;;-1;2;Motociclo a solo;In marcia / fermata / arresto;Conducente;M;Illeso;0;;Non accertato;
1913109;5;22/05/2012 15:30;Strada Urbana;VIA PALOMBARENSE;da specificare;;;;CIRCA 130 METRI DA VIA DI POGGIO AMENO;Veicolo in marcia contro ostacolo accidentale;Rettilineo;Una carreggiata a doppio senso;Bagnato (pioggia);Asfaltata;Orizzontale;Pioggia in atto;Intenso;Sufficiente;Ore Diurne;1;0;0;2;;;-1;1;Autovettura privata;In marcia / fermata / arresto;Conducente;M;Rimandato;0;NON DECEDUTO;Non accertato;Esploso
1913109;5;22/05/2012 15:30;Strada Urbana;VIA PALOMBARENSE;da specificare;;;;CIRCA 130 METRI DA VIA DI POGGIO AMENO;Veicolo in marcia contro ostacolo accidentale;Rettilineo;Una carreggiata a doppio senso;Bagnato (pioggia);Asfaltata;Orizzontale;Pioggia in atto;Intenso;Sufficiente;Ore Diurne;1;0;0;2;;;-1;2;Autovettura privata;In marcia / fermata / arresto;Conducente;M;Illeso;0;;Non accertato;Esploso
1913109;5;22/05/2012 15:30;Strada Urbana;VIA PALOMBARENSE;da specificare;;;;CIRCA 130 METRI DA VIA DI POGGIO AMENO;Veicolo in marcia contro ostacolo accidentale;Rettilineo;Una carreggiata a doppio senso;Bagnato (pioggia);Asfaltata;Orizzontale;Pioggia in atto;Intenso;Sufficiente;Ore Diurne;1;0;0;2;;;-1;2;Autovettura privata;In marcia / fermata / arresto;Passeggero;F;Illeso;0;;Non accertato;Esploso
1913110;5;30/05/2012 08:30;Strada Urbana;VIA DEI MONTI TIBURTINI;in prossimità;;del civico n. ;389;;Tamponamento;Rettilineo;Due carreggiate;Asciutto;Asfaltata;Verticale ed orizzontale;Sereno;Normale;Buona;Ore Diurne;1;0;0;2;;;-1;1;Autovettura privata;In marcia / fermata / arresto;Conducente;M;Illeso;0;;Non accertato;Inesploso
1913110;5;30/05/2012 08:30;Strada Urbana;VIA DEI MONTI TIBURTINI;in prossimità;;del civico n. ;389;;Tamponamento;Rettilineo;Due carreggiate;Asciutto;Asfaltata;Verticale ed orizzontale;Sereno;Normale;Buona;Ore Diurne;1;0;0;2;;;-1;1;Autovettura privata;In marcia / fermata / arresto;Passeggero;F;Illeso;0;;Non accertato;Inesploso
1913110;5;30/05/2012 08:30;Strada Urbana;VIA DEI MONTI TIBURTINI;in prossimità;;del civico n. ;389;;Tamponamento;Rettilineo;Due carreggiate;Asciutto;Asfaltata;Verticale ed orizzontale;Sereno;Normale;Buona;Ore Diurne;1;0;0;2;;;-1;2;Motociclo a solo;In marcia / fermata / arresto;Conducente;M;Rimandato;0;NON DECEDUTO;Non accertato;Inesistente
1913115;4;11/05/2012 11:30;Comunale extraurbana;VIA DI VALLE RICCA;in corrispondenza;;del civico n. ;76;;Tamponamento Multiplo;Rettilineo;Una carreggiata a doppio senso;Asciutto;Asfaltata;Orizzontale;Sereno;Normale;Buona;Ore Diurne;3;0;0;0;;;-1;1;Autovettura privata;In marcia / fermata / arresto;Conducente;F;Rifiuta cure immediate;0;NON DECEDUTO;Non accertato;Inesistente
1913115;4;11/05/2012 11:30;Comunale extraurbana;VIA DI VALLE RICCA;in corrispondenza;;del civico n. ;76;;Tamponamento Multiplo;Rettilineo;Una carreggiata a doppio senso;Asciutto;Asfaltata;Orizzontale;Sereno;Normale;Buona;Ore Diurne;3;0;0;0;;;-1;2;Autovettura privata;In marcia / fermata / arresto;Conducente;M;Rimandato;0;NON DECEDUTO;Non accertato;Inesistente
1913115;4;11/05/2012 11:30;Comunale extraurbana;VIA DI VALLE RICCA;in corrispondenza;;del civico n. ;76;;Tamponamento Multiplo;Rettilineo;Una carreggiata a doppio senso;Asciutto;Asfaltata;Orizzontale;Sereno;Normale;Buona;Ore Diurne;3;0;0;0;;;-1;3;Autovettura privata;In marcia / fermata / arresto;Conducente;M;Rimandato;0;NON DECEDUTO;Non accertato;Inesistente
1913117;4;12/05/2012 08:15;Strada Urbana;VIALE JONIO;in corrispondenza;;del civico n. ;303;;Investimento di pedone;Rettilineo;Due carreggiate;Asciutto;Strada pavimentata dissestata;Orizzontale;Sereno;Normale;Buona;Ore Diurne;1;0;0;1;;;-1;;;;Pedone;F;Rimandato;0;NON DECEDUTO;;
1913117;4;12/05/2012 08:15;Strada Urbana;VIALE JONIO;in corrispondenza;;del civico n. ;303;;Investimento di pedone;Rettilineo;Due carreggiate;Asciutto;Strada pavimentata dissestata;Orizzontale;Sereno;Normale;Buona;Ore Diurne;1;0;0;1;;;-1;1;Motociclo a solo;In marcia / fermata / arresto;Conducente;F;Illeso;0;;Non accertato;Inesistente
1913121;4;12/05/2012 04:00;Strada Urbana;VIA BARI;da specificare;;;;prossimità p.za Lecce;Scontro laterale fra veicoli in marcia;Rettilineo;Una carreggiata a doppio senso;Asciutto;Asfaltata;Verticale ed orizzontale;Sereno;Scarso;Sufficiente;Sufficiente;1;0;0;1;;;-1;1;Autovettura privata;In marcia / fermata / arresto;Conducente;F;Rifiuta cure immediate;0;NON DECEDUTO;Non accertato;Inesistente
1913121;4;12/05/2012 04:00;Strada Urbana;VIA BARI;da specificare;;;;prossimità p.za Lecce;Scontro laterale fra veicoli in marcia;Rettilineo;Una carreggiata a doppio senso;Asciutto;Asfaltata;Verticale ed orizzontale;Sereno;Scarso;Sufficiente;Sufficiente;1;0;0;1;;;-1;2;Autobus in extraurbana;In marcia / fermata / arresto;Conducente;M;Illeso;0;;Non accertato;Inesistente
1913122;4;12/05/2012 13:20;Strada Urbana;VIA NOMENTANA;da specificare;;;;fronte Via Levanna;Tamponamento Multiplo;Rettilineo;Una carreggiata a doppio senso;Asciutto;Asfaltata;Verticale ed orizzontale;Sereno;Intenso;Buona;Ore Diurne;0;0;0;5;;;-1;1;Autovettura privata;In marcia / fermata / arresto;Conducente;M;Illeso;0;;Non accertato;Inesistente
1913122;4;12/05/2012 13:20;Strada Urbana;VIA NOMENTANA;da specificare;;;;fronte Via Levanna;Tamponamento Multiplo;Rettilineo;Una carreggiata a doppio senso;Asciutto;Asfaltata;Verticale ed orizzontale;Sereno;Intenso;Buona;Ore Diurne;0;0;0;5;;;-1;2;Autovettura pubblica;In marcia / fermata / arresto;Conducente;M;Illeso;0;;Non accertato;
1913122;4;12/05/2012 13:20;Strada Urbana;VIA NOMENTANA;da specificare;;;;fronte Via Levanna;Tamponamento Multiplo;Rettilineo;Una carreggiata a doppio senso;Asciutto;Asfaltata;Verticale ed orizzontale;Sereno;Intenso;Buona;Ore Diurne;0;0;0;5;;;-1;3;Autovettura privata;In marcia / fermata / arresto;Conducente;M;Illeso;0;;Non accertato;
1913122;4;12/05/2012 13:20;Strada Urbana;VIA NOMENTANA;da specificare;;;;fronte Via Levanna;Tamponamento Multiplo;Rettilineo;Una carreggiata a doppio senso;Asciutto;Asfaltata;Verticale ed orizzontale;Sereno;Intenso;Buona;Ore Diurne;0;0;0;5;;;-1;4;Autovettura di polizia;In marcia / fermata / arresto;Conducente;M;Illeso;0;;Non accertato;Inesistente
1913122;4;12/05/2012 13:20;Strada Urbana;VIA NOMENTANA;da specificare;;;;fronte Via Levanna;Tamponamento Multiplo;Rettilineo;Una carreggiata a doppio senso;Asciutto;Asfaltata;Verticale ed orizzontale;Sereno;Intenso;Buona;Ore Diurne;0;0;0;5;;;-1;4;Autovettura di polizia;In marcia / fermata / arresto;Passeggero;M;Illeso;0;;Non accertato;Inesistente
1913123;4;12/05/2012 09:30;Strada Urbana;PIAZZA FILATTIERA;in prossimità;;del civico n. ;6;;Investimento di pedone;Rettilineo;Una carreggiata a senso unico di marcia;Asciutto;Asfaltata;Verticale ed orizzontale;Sereno;Scarso;Buona;Ore Diurne;0;0;0;2;;;-1;;;;Pedone;M;Illeso;0;;;
1913123;4;12/05/2012 09:30;Strada Urbana;PIAZZA FILATTIERA;in prossimità;;del civico n. ;6;;Investimento di pedone;Rettilineo;Una carreggiata a senso unico di marcia;Asciutto;Asfaltata;Verticale ed orizzontale;Sereno;Scarso;Buona;Ore Diurne;0;0;0;2;;;-1;1;Autovettura privata;In marcia / fermata / arresto;Conducente;F;Illeso;0;;Non accertato;Inesistente
1913124;4;12/05/2012 15:50;Strada Urbana;VIA CARLO BERTINAZZI;in corrispondenza;;del civico n. ;26;;Scontro laterale fra veicoli in marcia;Rettilineo;Una carreggiata a senso unico di marcia;Asciutto;Asfaltata;Assente;Sereno;Normale;Buona;Ore Diurne;0;0;0;2;;;-1;1;Autovettura privata;In marcia / fermata / arresto;Conducente;M;Illeso;0;;Non accertato;Inesploso
1913124;4;12/05/2012 15:50;Strada Urbana;VIA CARLO BERTINAZZI;in corrispondenza;;del civico n. ;26;;Scontro laterale fra veicoli in marcia;Rettilineo;Una carreggiata a senso unico di marcia;Asciutto;Asfaltata;Assente;Sereno;Normale;Buona;Ore Diurne;0;0;0;2;;;-1;2;Autovettura privata;In marcia / fermata / arresto;Conducente;F;Illeso;0;;Non accertato;Inesploso
1913127;4;13/05/2012 17:00;Strada Urbana;VIA VALDINIEVOLE;all'intersezione con;VIA VAL CHISONE;VIA VAL CHISONE;;;Scontro laterale fra veicoli in marcia;Incrocio;Una carreggiata a doppio senso;Asciutto;Asfaltata;Verticale;Sereno;Scarso;Buona;Ore Diurne;0;0;0;3;;;-1;1;Autovettura privata;In marcia / fermata / arresto;Conducente;M;Illeso;0;;Non accertato;Inesploso
1913127;4;13/05/2012 17:00;Strada Urbana;VIA VALDINIEVOLE;all'intersezione con;VIA VAL CHISONE;VIA VAL CHISONE;;;Scontro laterale fra veicoli in marcia;Incrocio;Una carreggiata a doppio senso;Asciutto;Asfaltata;Verticale;Sereno;Scarso;Buona;Ore Diurne;0;0;0;3;;;-1;1;Autovettura privata;In marcia / fermata / arresto;Passeggero;F;Illeso;0;;Non accertato;Inesistente
1913127;4;13/05/2012 17:00;Strada Urbana;VIA VALDINIEVOLE;all'intersezione con;VIA VAL CHISONE;VIA VAL CHISONE;;;Scontro laterale fra veicoli in marcia;Incrocio;Una carreggiata a doppio senso;Asciutto;Asfaltata;Verticale;Sereno;Scarso;Buona;Ore Diurne;0;0;0;3;;;-1;2;Autovettura privata;In marcia / fermata / arresto;Conducente;M;Illeso;0;;Non accertato;Inesploso
1913128;4;13/05/2012 18:20;Strada Urbana;CORSO SEMPIONE;in prossimità;;del civico n. ;1;;Scontro laterale fra veicoli in marcia;Rettilineo;Una carreggiata a doppio senso;Asciutto;Asfaltata;Verticale ed orizzontale;Sereno;Normale;Buona;Ore Diurne;1;0;0;3;;;-1;1;Autovettura privata;In marcia / fermata / arresto;Conducente;M;Illeso;0;;Non accertato;Inesistente
1913128;4;13/05/2012 18:20;Strada Urbana;CORSO SEMPIONE;in prossimità;;del civico n. ;1;;Scontro laterale fra veicoli in marcia;Rettilineo;Una carreggiata a doppio senso;Asciutto;Asfaltata;Verticale ed orizzontale;Sereno;Normale;Buona;Ore Diurne;1;0;0;3;;;-1;1;Autovettura privata;In marcia / fermata / arresto;Passeggero;M;Illeso;0;;Non accertato;Inesistente
1913128;4;13/05/2012 18:20;Strada Urbana;CORSO SEMPIONE;in prossimità;;del civico n. ;1;;Scontro laterale fra veicoli in marcia;Rettilineo;Una carreggiata a doppio senso;Asciutto;Asfaltata;Verticale ed orizzontale;Sereno;Normale;Buona;Ore Diurne;1;0;0;3;;;-1;2;Motociclo a solo;In marcia / fermata / arresto;Conducente;M;Rimandato;0;NON DECEDUTO;Non accertato;Inesistente
1913130;4;13/05/2012 11:20;Strada Urbana;PIAZZA ANTONIO BALDINI;in corrispondenza;;del civico n. ;3;;Investimento di pedone;Rettilineo;Due carreggiate;Asciutto;Asfaltata;Verticale;Sereno;Scarso;Buona;Ore Diurne;1;0;0;4;;;-1;;;;Pedone;F;Rimandato;0;NON DECEDUTO;;
1913130;4;13/05/2012 11:20;Strada Urbana;PIAZZA ANTONIO BALDINI;in corrispondenza;;del civico n. ;3;;Investimento di pedone;Rettilineo;Due carreggiate;Asciutto;Asfaltata;Verticale;Sereno;Scarso;Buona;Ore Diurne;1;0;0;4;;;-1;1;Autovettura privata;In marcia / fermata / arresto;Conducente;F;Illeso;0;;Non accertato;Inesistente
1913130;4;13/05/2012 11:20;Strada Urbana;PIAZZA ANTONIO BALDINI;in corrispondenza;;del civico n. ;3;;Investimento di pedone;Rettilineo;Due carreggiate;Asciutto;Asfaltata;Verticale;Sereno;Scarso;Buona;Ore Diurne;1;0;0;4;;;-1;1;Autovettura privata;In marcia / fermata / arresto;Passeggero;F;Illeso;0;;Non accertato;Inesistente
1913130;4;13/05/2012 11:20;Strada Urbana;PIAZZA ANTONIO BALDINI;in corrispondenza;;del civico n. ;3;;Investimento di pedone;Rettilineo;Due carreggiate;Asciutto;Asfaltata;Verticale;Sereno;Scarso;Buona;Ore Diurne;1;0;0;4;;;-1;1;Autovettura privata;In marcia / fermata / arresto;Passeggero;M;Illeso;0;;Non accertato;Inesistente
1913130;4;13/05/2012 11:20;Strada Urbana;PIAZZA ANTONIO BALDINI;in corrispondenza;;del civico n. ;3;;Investimento di pedone;Rettilineo;Due carreggiate;Asciutto;Asfaltata;Verticale;Sereno;Scarso;Buona;Ore Diurne;1;0;0;4;;;-1;1;Autovettura privata;In marcia / fermata / arresto;Passeggero;F;Illeso;0;;Non accertato;Inesistente
1913179;4;13/05/2012 01:25;Provinciale entro l'abitato;VIA NOMENTANA;in corrispondenza;;del civico n. ;882;;Scontro frontale/laterale DX fra veicoli in marcia;Rettilineo;Una carreggiata a doppio senso;Asciutto;Asfaltata;Orizzontale;Sereno;Normale;Buona;Sufficiente;3;0;0;3;;;-1;1;Autovettura privata;In marcia / fermata / arresto;Conducente;F;Rimandato;0;NON DECEDUTO;Non accertato;Esploso
1913179;4;13/05/2012 01:25;Provinciale entro l'abitato;VIA NOMENTANA;in corrispondenza;;del civico n. ;882;;Scontro frontale/laterale DX fra veicoli in marcia;Rettilineo;Una carreggiata a doppio senso;Asciutto;Asfaltata;Orizzontale;Sereno;Normale;Buona;Sufficiente;3;0;0;3;;;-1;1;Autovettura privata;In marcia / fermata / arresto;Passeggero;F;Rimandato;0;NON DECEDUTO;Non accertato;Inesistente
1913179;4;13/05/2012 01:25;Provinciale entro l'abitato;VIA NOMENTANA;in corrispondenza;;del civico n. ;882;;Scontro frontale/laterale DX fra veicoli in marcia;Rettilineo;Una carreggiata a doppio senso;Asciutto;Asfaltata;Orizzontale;Sereno;Normale;Buona;Sufficiente;3;0;0;3;;;-1;2;Autovettura privata;In marcia / fermata / arresto;Conducente;M;Illeso;0;;Non accertato;Esploso