Protocollo;Gruppo;DataOraIncidente;Localizzazione1;STRADA1;Localizzazione2;STRADA2;Strada02;Chilometrica;DaSpecificare;NaturaIncidente;particolaritastrade;TipoStrada;FondoStradale;Pavimentazione;Segnaletica;CondizioneAtmosferica;Traffico;Visibilita;Illuminazione;NUM_FERITI;NUM_RISERVATA;NUM_MORTI;NUM_ILLESI;Longitudine;Latitudine;Confermato;Progressivo;TipoVeicolo;StatoVeicolo;TipoPersona;Sesso;Tipolesione;Deceduto;DecedutoDopo;CinturaCascoUtilizzato;Airbag
1914144;4;23/05/2012 16:25;Strada Urbana;VIA MONTE EPOMEO;in prossimità;;del civico n. ;15;;Scontro frontale/laterale DX fra veicoli in marcia;Rettilineo;Una carreggiata a doppio senso;Asciutto;Asfaltata;Assente;Nuvoloso;Scarso;Buona;Ore Diurne;0;0;0;5;;;-1;1;Autovettura privata;In marcia / fermata / arresto;Conducente;F;Illeso;0;;Non accertato;Inesistente
1914144;4;23/05/2012 16:25;Strada Urbana;VIA MONTE EPOMEO;in prossimità;;del civico n. ;15;;Scontro frontale/laterale DX fra veicoli in marcia;Rettilineo;Una carreggiata a doppio senso;Asciutto;Asfaltata;Assente;Nuvoloso;Scarso;Buona;Ore Diurne;0;0;0;5;;;-1;1;Autovettura privata;In marcia / fermata / arresto;Passeggero;M;Illeso;0;;Non accertato;Inesistente
1914144;4;23/05/2012 16:25;Strada Urbana;VIA MONTE EPOMEO;in prossimità;;del civico n. ;15;;Scontro frontale/laterale DX fra veicoli in marcia;Rettilineo;Una carreggiata a doppio senso;Asciutto;Asfaltata;Assente;Nuvoloso;Scarso;Buona;Ore Diurne;0;0;0;5;;;-1;1;Autovettura privata;In marcia / fermata / arresto;Passeggero;F;Illeso;0;;Non accertato;Inesistente
1914144;4;23/05/2012 16:25;Strada Urbana;VIA MONTE EPOMEO;in prossimità;;del civico n. ;15;;Scontro frontale/laterale DX fra veicoli in marcia;Rettilineo;Una carreggiata a doppio senso;Asciutto;Asfaltata;Assente;Nuvoloso;Scarso;Buona;Ore Diurne;0;0;0;5;;;-1;2;Autovettura privata;In marcia / fermata / arresto;Conducente;M;Illeso;0;;Non accertato;Inesistente
1914145;4;22/05/2012 02:15;Statale entro l'abitato;VIA SALARIA;all'intersezione semaforizzata con;VIA DI CASTEL GIUBILEO;VIA DI CASTEL GIUBILEO;;;Tamponamento;Intersezione semaforizzata;Due carreggiate;Bagnato (pioggia);Asfaltata;Orizzontale;Pioggia in atto;Scarso;Sufficiente;Sufficiente;1;0;0;1;;;-1;1;Autovettura privata;In marcia / fermata / arresto;Conducente;M;Rifiuta cure immediate;0;NON DECEDUTO;Non accertato;Inesploso
1914145;4;22/05/2012 02:15;Statale entro l'abitato;VIA SALARIA;all'intersezione semaforizzata con;VIA DI CASTEL GIUBILEO;VIA DI CASTEL GIUBILEO;;;Tamponamento;Intersezione semaforizzata;Due carreggiate;Bagnato (pioggia);Asfaltata;Orizzontale;Pioggia in atto;Scarso;Sufficiente;Sufficiente;1;0;0;1;;;-1;2;Autovettura privata;In marcia / fermata / arresto;Conducente;M;Illeso;0;;Non accertato;Esploso
1914146;4;23/05/2012 09:00;Strada Urbana;VIALE ADRIATICO;all'intersezione con;VIA DEI MONTI LESSINI;VIA DEI MONTI LESSINI;;;Investimento di pedone;Intersezione stradale segnalata;Una carreggiata a doppio senso;Asciutto;Asfaltata;Verticale ed orizzontale;Sereno;Intenso;Buona;Ore Diurne;1;0;0;2;;;-1;;;;Pedone;F;Rimandato;0;NON DECEDUTO;;
1914146;4;23/05/2012 09:00;Strada Urbana;VIALE ADRIATICO;all'intersezione con;VIA DEI MONTI LESSINI;VIA DEI MONTI LESSINI;;;Investimento di pedone;Intersezione stradale segnalata;Una carreggiata a doppio senso;Asciutto;Asfaltata;Verticale ed orizzontale;Sereno;Intenso;Buona;Ore Diurne;1;0;0;2;;;-1;1;Autocarro inferiore 35 q.;In marcia / fermata / arresto;Conducente;M;Illeso;0;;Non accertato;Inesistente
1914146;4;23/05/2012 09:00;Strada Urbana;VIALE ADRIATICO;all'intersezione con;VIA DEI MONTI LESSINI;VIA DEI MONTI LESSINI;;;Investimento di pedone;Intersezione stradale segnalata;Una carreggiata a doppio senso;Asciutto;Asfaltata;Verticale ed orizzontale;Sereno;Intenso;Buona;Ore Diurne;1;0;0;2;;;-1;1;Autocarro inferiore 35 q.;In marcia / fermata / arresto;Passeggero;M;Illeso;0;;Non accertato;Inesistente
1914148;4;23/05/2012 20:00;Strada Urbana;LARGO LUCHINO VISCONTI;all'intersezione con;VIA DELLE VIGNE NUOVE;VIA DELLE VIGNE NUOVE;;;Scontro laterale fra veicoli in marcia;Rotatoria;Una carreggiata a senso unico di marcia;Asciutto;Asfaltata;Verticale ed orizzontale;Sereno;Normale;Buona;Ore Diurne;0;0;0;2;;;-1;1;Autovettura privata;In marcia / fermata / arresto;Conducente;F;Illeso;0;;Non accertato;
1914148;4;23/05/2012 20:00;Strada Urbana;LARGO LUCHINO VISCONTI;all'intersezione con;VIA DELLE VIGNE NUOVE;VIA DELLE VIGNE NUOVE;;;Scontro laterale fra veicoli in marcia;Rotatoria;Una carreggiata a senso unico di marcia;Asciutto;Asfaltata;Verticale ed orizzontale;Sereno;Normale;Buona;Ore Diurne;0;0;0;2;;;-1;2;Autovettura privata;In marcia / fermata / arresto;Conducente;F;Illeso;0;;Non accertato;
1914149;4;23/05/2012 12:50;Strada Urbana;PIAZZA CONCA D'ORO;in corrispondenza;;del fonte civico n. ;50;;Investimento di pedone;Rettilineo;Due carreggiate;Asciutto;Asfaltata;Verticale ed orizzontale;Sereno;Normale;Buona;Ore Diurne;1;0;0;1;;;-1;;;;Pedone;M;Rifiuta cure immediate;0;NON DECEDUTO;;
1914149;4;23/05/2012 12:50;Strada Urbana;PIAZZA CONCA D'ORO;in corrispondenza;;del fonte civico n. ;50;;Investimento di pedone;Rettilineo;Due carreggiate;Asciutto;Asfaltata;Verticale ed orizzontale;Sereno;Normale;Buona;Ore Diurne;1;0;0;1;;;-1;1;Autovettura privata;In marcia / fermata / arresto;Conducente;M;Illeso;0;;Non accertato;Inesistente
1914268;4;23/05/2012 10:50;Strada Urbana;VIALE LINA CAVALIERI;in prossimità;;del civico n. ;3;;Scontro laterale fra veicoli in marcia;Rettilineo;Due carreggiate;Asciutto;Asfaltata;Verticale ed orizzontale;Sereno;Normale;Buona;Ore Diurne;0;0;0;3;;;-1;1;Autovettura privata;In marcia / fermata / arresto;Passeggero;F;Illeso;0;;Non accertato;Inesistente
1914268;4;23/05/2012 10:50;Strada Urbana;VIALE LINA CAVALIERI;in prossimità;;del civico n. ;3;;Scontro laterale fra veicoli in marcia;Rettilineo;Due carreggiate;Asciutto;Asfaltata;Verticale ed orizzontale;Sereno;Normale;Buona;Ore Diurne;0;0;0;3;;;-1;1;Autovettura privata;In marcia / fermata / arresto;Conducente;F;Illeso;0;;Non accertato;Inesistente
1914268;4;23/05/2012 10:50;Strada Urbana;VIALE LINA CAVALIERI;in prossimità;;del civico n. ;3;;Scontro laterale fra veicoli in marcia;Rettilineo;Due carreggiate;Asciutto;Asfaltata;Verticale ed orizzontale;Sereno;Normale;Buona;Ore Diurne;0;0;0;3;;;-1;2;Autovettura privata;In marcia / fermata / arresto;Conducente;M;Illeso;0;;Non accertato;Inesistente
1914269;4;24/05/2012 09:00;Strada Urbana;VIALE ADRIATICO;in corrispondenza;;del civico n. ;171;;Scontro frontale/laterale DX fra veicoli in marcia;Rettilineo;Una carreggiata a doppio senso;Asciutto;Asfaltata;Verticale ed orizzontale;Sereno;Intenso;Buona;Ore Diurne;1;0;0;1;;;-1;1;Autovettura privata;In marcia / fermata / arresto;Conducente;M;Illeso;0;;Non accertato;Inesistente
1914269;4;24/05/2012 09:00;Strada Urbana;VIALE ADRIATICO;in corrispondenza;;del civico n. ;171;;Scontro frontale/laterale DX fra veicoli in marcia;Rettilineo;Una carreggiata a doppio senso;Asciutto;Asfaltata;Verticale ed orizzontale;Sereno;Intenso;Buona;Ore Diurne;1;0;0;1;;;-1;2;Motociclo a solo;In marcia / fermata / arresto;Conducente;F;Rimandato;0;NON DECEDUTO;Non accertato;Inesistente
1914270;4;23/05/2012 08:00;Strada Urbana;VIA CAMILLO IACOBINI;da specificare;;;;prossimità via C. Fani;Infortunio per sola frenata improvvisa;Rettilineo;Una carreggiata a doppio senso;Asciutto;Asfaltata;Assente;Nuvoloso;Scarso;Buona;Ore Diurne;1;0;0;0;;;-1;1;Motociclo a solo;In marcia / fermata / arresto;Conducente;F;Rimandato;0;NON DECEDUTO;Non accertato;Inesistente
1914271;4;24/05/2012 08:05;Strada Urbana;VIALE TITINA DE FILIPPO;in corrispondenza;;del palo luce n. ;25;;Investimento di pedone;Rettilineo;Due carreggiate;Asciutto;Asfaltata;Verticale ed orizzontale;Sereno;Normale;Buona;Ore Diurne;1;0;0;2;;;-1;;;;Pedone;M;Rimandato;0;NON DECEDUTO;;
1914271;4;24/05/2012 08:05;Strada Urbana;VIALE TITINA DE FILIPPO;in corrispondenza;;del palo luce n. ;25;;Investimento di pedone;Rettilineo;Due carreggiate;Asciutto;Asfaltata;Verticale ed orizzontale;Sereno;Normale;Buona;Ore Diurne;1;0;0;2;;;-1;1;Motociclo con passeggero;In marcia / fermata / arresto;Conducente;M;Illeso;0;;Non accertato;Inesistente
1914271;4;24/05/2012 08:05;Strada Urbana;VIALE TITINA DE FILIPPO;in corrispondenza;;del palo luce n. ;25;;Investimento di pedone;Rettilineo;Due carreggiate;Asciutto;Asfaltata;Verticale ed orizzontale;Sereno;Normale;Buona;Ore Diurne;1;0;0;2;;;-1;1;Motociclo con passeggero;In marcia / fermata / arresto;Passeggero;M;Illeso;0;;Non accertato;Inesistente
1914274;4;24/05/2012 12:20;Strada Urbana;PIAZZA CAPRI;in corrispondenza;;del civico n. ;45;;Tamponamento;Rettilineo;Due carreggiate;Asciutto;Asfaltata;Assente;Sereno;Normale;Buona;Ore Diurne;2;0;0;1;;;-1;1;Autovettura privata;In marcia / fermata / arresto;Conducente;M;Rifiuta cure immediate;0;NON DECEDUTO;Non accertato;Inesistente
1914274;4;24/05/2012 12:20;Strada Urbana;PIAZZA CAPRI;in corrispondenza;;del civico n. ;45;;Tamponamento;Rettilineo;Due carreggiate;Asciutto;Asfaltata;Assente;Sereno;Normale;Buona;Ore Diurne;2;0;0;1;;;-1;1;Autovettura privata;In marcia / fermata / arresto;Passeggero;F;Rimandato;0;NON DECEDUTO;Non accertato;Inesistente
1914274;4;24/05/2012 12:20;Strada Urbana;PIAZZA CAPRI;in corrispondenza;;del civico n. ;45;;Tamponamento;Rettilineo;Due carreggiate;Asciutto;Asfaltata;Assente;Sereno;Normale;Buona;Ore Diurne;2;0;0;1;;;-1;2;Autovettura privata;In marcia / fermata / arresto;Conducente;F;Illeso;0;;Non accertato;Inesistente
1914276;4;23/05/2012 08:15;Provinciale;VIA NOMENTANA;da specificare;;;;"altezza complesso residenziale ""Parco Azzurro""";Infortunio per sola frenata improvvisa;Rettilineo;Una carreggiata a doppio senso;Asciutto;Asfaltata;Verticale;Sereno;Normale;Buona;Ore Diurne;0;0;0;1;;;-1;1;Ciclomotore;In marcia / fermata / arresto;Conducente;F;Illeso;0;;Non accertato;Inesistente
1914284;4;24/05/2012 15:00;Provinciale entro l'abitato;VIA NOMENTANA;in prossimità;;del civico n. ;1115;;Tamponamento Multiplo;Rettilineo;Una carreggiata a doppio senso;Asciutto;Asfaltata;Verticale ed orizzontale;Sereno;Normale;Buona;Ore Diurne;1;0;0;3;;;-1;1;Autovettura privata;In marcia / fermata / arresto;Conducente;F;Illeso;0;;Non accertato;Inesistente
1914284;4;24/05/2012 15:00;Provinciale entro l'abitato;VIA NOMENTANA;in prossimità;;del civico n. ;1115;;Tamponamento Multiplo;Rettilineo;Una carreggiata a doppio senso;Asciutto;Asfaltata;Verticale ed orizzontale;Sereno;Normale;Buona;Ore Diurne;1;0;0;3;;;-1;1;Autovettura privata;In marcia / fermata / arresto;Passeggero;F;Illeso;0;;Non accertato;Inesistente
1914284;4;24/05/2012 15:00;Provinciale entro l'abitato;VIA NOMENTANA;in prossimità;;del civico n. ;1115;;Tamponamento Multiplo;Rettilineo;Una carreggiata a doppio senso;Asciutto;Asfaltata;Verticale ed orizzontale;Sereno;Normale;Buona;Ore Diurne;1;0;0;3;;;-1;2;Autovettura privata;In marcia / fermata / arresto;Conducente;M;Illeso;0;;Non accertato;Inesistente
1914284;4;24/05/2012 15:00;Provinciale entro l'abitato;VIA NOMENTANA;in prossimità;;del civico n. ;1115;;Tamponamento Multiplo;Rettilineo;Una carreggiata a doppio senso;Asciutto;Asfaltata;Verticale ed orizzontale;Sereno;Normale;Buona;Ore Diurne;1;0;0;3;;;-1;3;Autovettura privata;In marcia / fermata / arresto;Conducente;F;Rimandato;0;NON DECEDUTO;Non accertato;Inesistente
1914292;4;24/05/2012 19:00;Strada Urbana;VIALE JONIO;da specificare;;;;altezza rampa viale adriatico direzione p.le Jonio;Scontro laterale fra veicoli in marcia;Rettilineo;Due carreggiate;Asciutto;Asfaltata;Orizzontale;Sereno;Normale;Buona;Ore Diurne;1;0;0;1;;;-1;1;Autovettura privata;In marcia / fermata / arresto;Conducente;M;Illeso;0;;Non accertato;Inesistente
1914292;4;24/05/2012 19:00;Strada Urbana;VIALE JONIO;da specificare;;;;altezza rampa viale adriatico direzione p.le Jonio;Scontro laterale fra veicoli in marcia;Rettilineo;Due carreggiate;Asciutto;Asfaltata;Orizzontale;Sereno;Normale;Buona;Ore Diurne;1;0;0;1;;;-1;2;Motociclo a solo;In marcia / fermata / arresto;Conducente;M;Rimandato;0;NON DECEDUTO;Non accertato;Inesistente
1914338;17;19/05/2012 00:30;Strada Urbana;LUNGOTEVERE DEI VALLATI;da specificare;;;;alt. nr. civ. 21;Infortunio per caduta del veicolo;Rettilineo;Una carreggiata a senso unico di marcia;Asciutto;Asfaltata;Verticale ed orizzontale;Sereno;Normale;Buona;Sufficiente;1;0;0;0;;;-1;1;Motociclo a solo;In marcia / fermata / arresto;Conducente;M;Rimandato;0;NON DECEDUTO;Non accertato;Inesistente
1914349;4;24/05/2012 13:30;Statale;VIA SALARIA;in prossimità;;del civico n. ;2049;;Veicolo in marcia contro ostacolo accidentale;Rettilineo;Una carreggiata a doppio senso;Asciutto;Asfaltata;Verticale ed orizzontale;Sereno;Scarso;Buona;Ore Diurne;0;0;0;2;;;-1;1;Autovettura privata;In marcia / fermata / arresto;Conducente;M;Illeso;0;;Non accertato;Inesistente
1914349;4;24/05/2012 13:30;Statale;VIA SALARIA;in prossimità;;del civico n. ;2049;;Veicolo in marcia contro ostacolo accidentale;Rettilineo;Una carreggiata a doppio senso;Asciutto;Asfaltata;Verticale ed orizzontale;Sereno;Scarso;Buona;Ore Diurne;0;0;0;2;;;-1;1;Autovettura privata;In marcia / fermata / arresto;Passeggero;F;Illeso;0;;Non accertato;Inesistente
1914356;4;24/05/2012 15:15;Statale entro l'abitato;VIA SALARIA;in prossimità;;del civico n. ;719/A;;Tamponamento;Rettilineo;Due carreggiate;Asciutto;Asfaltata;Verticale ed orizzontale;Sereno;Intenso;Buona;Ore Diurne;0;0;0;4;;;-1;1;Autovettura di polizia;In marcia / fermata / arresto;Conducente;M;Illeso;0;;Esente;Inesploso
1914356;4;24/05/2012 15:15;Statale entro l'abitato;VIA SALARIA;in prossimità;;del civico n. ;719/A;;Tamponamento;Rettilineo;Due carreggiate;Asciutto;Asfaltata;Verticale ed orizzontale;Sereno;Intenso;Buona;Ore Diurne;0;0;0;4;;;-1;1;Autovettura di polizia;In marcia / fermata / arresto;Passeggero;M;Illeso;0;;Non accertato;Inesistente
1914356;4;24/05/2012 15:15;Statale entro l'abitato;VIA SALARIA;in prossimità;;del civico n. ;719/A;;Tamponamento;Rettilineo;Due carreggiate;Asciutto;Asfaltata;Verticale ed orizzontale;Sereno;Intenso;Buona;Ore Diurne;0;0;0;4;;;-1;1;Autovettura di polizia;In marcia / fermata / arresto;Passeggero;M;Illeso;0;;Esente;Inesploso
1914356;4;24/05/2012 15:15;Statale entro l'abitato;VIA SALARIA;in prossimità;;del civico n. ;719/A;;Tamponamento;Rettilineo;Due carreggiate;Asciutto;Asfaltata;Verticale ed orizzontale;Sereno;Intenso;Buona;Ore Diurne;0;0;0;4;;;-1;2;Autovettura privata;In marcia / fermata / arresto;Conducente;M;Illeso;0;;Non accertato;Inesploso
1914377;4;25/05/2012 13:15;Provinciale entro l'abitato;VIA NOMENTANA;in corrispondenza;;del civico n. ;1111;;Veicolo in marcia contro veicolo arresto;Rettilineo;Una carreggiata a doppio senso;Asciutto;Asfaltata;Orizzontale;Sereno;Normale;Buona;Ore Diurne;0;0;0;1;;;-1;1;Motociclo a solo;In marcia / fermata / arresto;Conducente;M;Illeso;0;;Non accertato;Inesistente
1914430;4;25/05/2012 03:45;Strada Urbana;VIA DELLE VIGNE NUOVE;all'intersezione con;VIALE FRANCESCO PASINETTI;VIALE FRANCESCO PASINETTI;;;Veicolo in marcia contro ostacolo fisso;Rotatoria;Due carreggiate;Asciutto;Asfaltata;Verticale ed orizzontale;Sereno;Scarso;Sufficiente;Sufficiente;1;1;1;0;;;-1;1;Motociclo con passeggero;In marcia / fermata / arresto;Conducente;M;Prognosi riservata;0;NON DECEDUTO;Non accertato;Inesistente
1914430;4;25/05/2012 03:45;Strada Urbana;VIA DELLE VIGNE NUOVE;all'intersezione con;VIALE FRANCESCO PASINETTI;VIALE FRANCESCO PASINETTI;;;Veicolo in marcia contro ostacolo fisso;Rotatoria;Due carreggiate;Asciutto;Asfaltata;Verticale ed orizzontale;Sereno;Scarso;Sufficiente;Sufficiente;1;1;1;0;;;-1;1;Motociclo con passeggero;In marcia / fermata / arresto;Passeggero;F;Prognosi riservata;0;DECEDUTO DA 25 A 48 ORE DOPO;Non accertato;Inesistente
1914430;4;25/05/2012 03:45;Strada Urbana;VIA DELLE VIGNE NUOVE;all'intersezione con;VIALE FRANCESCO PASINETTI;VIALE FRANCESCO PASINETTI;;;Veicolo in marcia contro ostacolo fisso;Rotatoria;Due carreggiate;Asciutto;Asfaltata;Verticale ed orizzontale;Sereno;Scarso;Sufficiente;Sufficiente;1;1;1;0;;;-1;1;Motociclo con passeggero;In marcia / fermata / arresto;Passeggero;M;Rimandato;0;NON DECEDUTO;Non accertato;Inesistente
1914468;4;25/05/2012 07:20;Statale;VIA SALARIA;all'intersezione con;AUTOSTRADA PER FIRENZE;AUTOSTRADA PER FIRENZE;;;Scontro frontale/laterale SX fra veicoli in marcia;Intersezione stradale segnalata;Due carreggiate;Asciutto;Asfaltata;Verticale ed orizzontale;Sereno;Normale;Buona;Ore Diurne;1;0;0;1;;;-1;1;Autovettura privata;In marcia / fermata / arresto;Conducente;F;Rimandato;0;NON DECEDUTO;Non accertato;Inesistente
1914468;4;25/05/2012 07:20;Statale;VIA SALARIA;all'intersezione con;AUTOSTRADA PER FIRENZE;AUTOSTRADA PER FIRENZE;;;Scontro frontale/laterale SX fra veicoli in marcia;Intersezione stradale segnalata;Due carreggiate;Asciutto;Asfaltata;Verticale ed orizzontale;Sereno;Normale;Buona;Ore Diurne;1;0;0;1;;;-1;2;Autovettura privata;In marcia / fermata / arresto;Conducente;M;Illeso;0;;Non accertato;Inesistente
1914471;4;25/05/2012 15:45;Strada Urbana;VIA MONTE META;in prossimità;;del civico n. ;28;;Veicolo in marcia contro veicoli in arresto;Rettilineo;Una carreggiata a senso unico di marcia;Asciutto;Asfaltata;Verticale ed orizzontale;Sereno;Scarso;Buona;Ore Diurne;0;0;0;2;;;-1;1;Autovettura privata;In marcia / fermata / arresto;Conducente;F;Illeso;0;;Non accertato;Inesploso
1914471;4;25/05/2012 15:45;Strada Urbana;VIA MONTE META;in prossimità;;del civico n. ;28;;Veicolo in marcia contro veicoli in arresto;Rettilineo;Una carreggiata a senso unico di marcia;Asciutto;Asfaltata;Verticale ed orizzontale;Sereno;Scarso;Buona;Ore Diurne;0;0;0;2;;;-1;2;Autovettura privata;In marcia / fermata / arresto;Conducente;M;Illeso;0;;Non accertato;Inesploso
1914472;4;25/05/2012 16:10;Strada Urbana;VIA MONTE CERVIALTO;in prossimità;;del civico n. ;152;;Investimento di pedone;Rettilineo;Una carreggiata a doppio senso;Asciutto;Asfaltata;Verticale ed orizzontale;Sereno;Normale;Buona;Ore Diurne;1;0;0;1;;;-1;;;;Pedone;M;Rimandato;0;NON DECEDUTO;;
1914472;4;25/05/2012 16:10;Strada Urbana;VIA MONTE CERVIALTO;in prossimità;;del civico n. ;152;;Investimento di pedone;Rettilineo;Una carreggiata a doppio senso;Asciutto;Asfaltata;Verticale ed orizzontale;Sereno;Normale;Buona;Ore Diurne;1;0;0;1;;;-1;1;Autovettura privata;In marcia / fermata / arresto;Conducente;M;Illeso;0;;Non accertato;Inesistente
1914473;4;25/05/2012 13:25;Strada Urbana;VIA DELLA BUFALOTTA;in prossimità;;del civico n. ;11;;Scontro laterale fra veicoli in marcia;Rettilineo;Una carreggiata a doppio senso;Asciutto;Asfaltata;Orizzontale;Sereno;Normale;Buona;Ore Diurne;0;0;0;2;;;-1;1;Autovettura privata;In marcia / fermata / arresto;Conducente;F;Illeso;0;;Non accertato;Inesistente
1914473;4;25/05/2012 13:25;Strada Urbana;VIA DELLA BUFALOTTA;in prossimità;;del civico n. ;11;;Scontro laterale fra veicoli in marcia;Rettilineo;Una carreggiata a doppio senso;Asciutto;Asfaltata;Orizzontale;Sereno;Normale;Buona;Ore Diurne;0;0;0;2;;;-1;2;Motociclo a solo;In marcia / fermata / arresto;Conducente;F;Illeso;0;;Non accertato;Inesistente
1914480;4;25/05/2012 10:20;Strada Urbana;VIA DELLA BUFALOTTA;all'intersezione con;VIA DELLA CECCHINA;VIA DELLA CECCHINA;;;Scontro frontale/laterale DX fra veicoli in marcia;Intersezione non regolata/non segnalata;Una carreggiata a doppio senso;Asciutto;Asfaltata;Verticale ed orizzontale;Sereno;Normale;Buona;Ore Diurne;1;0;0;1;;;-1;1;Autovettura privata;In marcia / fermata / arresto;Conducente;M;Illeso;0;;Non accertato;Inesistente
1914480;4;25/05/2012 10:20;Strada Urbana;VIA DELLA BUFALOTTA;all'intersezione con;VIA DELLA CECCHINA;VIA DELLA CECCHINA;;;Scontro frontale/laterale DX fra veicoli in marcia;Intersezione non regolata/non segnalata;Una carreggiata a doppio senso;Asciutto;Asfaltata;Verticale ed orizzontale;Sereno;Normale;Buona;Ore Diurne;1;0;0;1;;;-1;2;Motociclo a solo;In marcia / fermata / arresto;Conducente;F;Rimandato;0;NON DECEDUTO;Non accertato;Inesistente
1914539;4;25/05/2012 13:55;Strada Urbana;VIA DELLE ISOLE CURZOLANE;all'intersezione con;VIA SCARPANTO;VIA SCARPANTO;;;Infortunio per sola frenata improvvisa;Incrocio;Due carreggiate;Asciutto;Asfaltata;Verticale ed orizzontale;Sereno;Scarso;Buona;Ore Diurne;0;0;0;3;;;-1;1;Autovettura privata;In marcia / fermata / arresto;Conducente;M;Illeso;0;;Non accertato;Inesistente
1914539;4;25/05/2012 13:55;Strada Urbana;VIA DELLE ISOLE CURZOLANE;all'intersezione con;VIA SCARPANTO;VIA SCARPANTO;;;Infortunio per sola frenata improvvisa;Incrocio;Due carreggiate;Asciutto;Asfaltata;Verticale ed orizzontale;Sereno;Scarso;Buona;Ore Diurne;0;0;0;3;;;-1;1;Autovettura privata;In marcia / fermata / arresto;Passeggero;F;Illeso;0;;Non accertato;Inesistente
1914539;4;25/05/2012 13:55;Strada Urbana;VIA DELLE ISOLE CURZOLANE;all'intersezione con;VIA SCARPANTO;VIA SCARPANTO;;;Infortunio per sola frenata improvvisa;Incrocio;Due carreggiate;Asciutto;Asfaltata;Verticale ed orizzontale;Sereno;Scarso;Buona;Ore Diurne;0;0;0;3;;;-1;2;Motociclo a solo;In marcia / fermata / arresto;Conducente;M;Illeso;0;;Non accertato;Inesistente
1914544;4;25/05/2012 07:20;Strada Urbana;VIA FIASTRA;all'intersezione con;VIA INCISA IN VAL D'ARNO;VIA INCISA IN VAL D'ARNO;;;Scontro frontale/laterale DX fra veicoli in marcia;Intersezione non regolata/non segnalata;Una carreggiata a doppio senso;Asciutto;Asfaltata;Assente;Sereno;Scarso;Buona;Ore Diurne;3;0;0;1;;;-1;1;Autovettura privata;In marcia / fermata / arresto;Conducente;F;Rifiuta cure immediate;0;NON DECEDUTO;Non accertato;Inesistente
1914544;4;25/05/2012 07:20;Strada Urbana;VIA FIASTRA;all'intersezione con;VIA INCISA IN VAL D'ARNO;VIA INCISA IN VAL D'ARNO;;;Scontro frontale/laterale DX fra veicoli in marcia;Intersezione non regolata/non segnalata;Una carreggiata a doppio senso;Asciutto;Asfaltata;Assente;Sereno;Scarso;Buona;Ore Diurne;3;0;0;1;;;-1;1;Autovettura privata;In marcia / fermata / arresto;Passeggero;F;Rifiuta cure immediate;0;NON DECEDUTO;Non accertato;Inesistente
1914544;4;25/05/2012 07:20;Strada Urbana;VIA FIASTRA;all'intersezione con;VIA INCISA IN VAL D'ARNO;VIA INCISA IN VAL D'ARNO;;;Scontro frontale/laterale DX fra veicoli in marcia;Intersezione non regolata/non segnalata;Una carreggiata a doppio senso;Asciutto;Asfaltata;Assente;Sereno;Scarso;Buona;Ore Diurne;3;0;0;1;;;-1;1;Autovettura privata;In marcia / fermata / arresto;Passeggero;F;Rifiuta cure immediate;0;NON DECEDUTO;Non accertato;Inesistente
1914544;4;25/05/2012 07:20;Strada Urbana;VIA FIASTRA;all'intersezione con;VIA INCISA IN VAL D'ARNO;VIA INCISA IN VAL D'ARNO;;;Scontro frontale/laterale DX fra veicoli in marcia;Intersezione non regolata/non segnalata;Una carreggiata a doppio senso;Asciutto;Asfaltata;Assente;Sereno;Scarso;Buona;Ore Diurne;3;0;0;1;;;-1;2;Autovettura privata;In marcia / fermata / arresto;Conducente;M;Illeso;0;;Non accertato;Inesistente
1914547;4;26/05/2012 02:50;Strada Urbana;VIA NOMENTANA NUOVA;all'intersezione semaforizzata con;VIA VAL TROMPIA;VIA VAL TROMPIA;;;Scontro frontale/laterale DX fra veicoli in marcia;Intersezione semaforizzata;Una carreggiata a doppio senso;Asciutto;Asfaltata;Verticale ed orizzontale;Sereno;Normale;Buona;Sufficiente;0;0;0;4;;;-1;1;Autovettura privata;In marcia / fermata / arresto;Conducente;M;Illeso;0;;Non accertato;Inesistente
1914547;4;26/05/2012 02:50;Strada Urbana;VIA NOMENTANA NUOVA;all'intersezione semaforizzata con;VIA VAL TROMPIA;VIA VAL TROMPIA;;;Scontro frontale/laterale DX fra veicoli in marcia;Intersezione semaforizzata;Una carreggiata a doppio senso;Asciutto;Asfaltata;Verticale ed orizzontale;Sereno;Normale;Buona;Sufficiente;0;0;0;4;;;-1;1;Autovettura privata;In marcia / fermata / arresto;Passeggero;M;Illeso;0;;Non accertato;Inesistente
1914547;4;26/05/2012 02:50;Strada Urbana;VIA NOMENTANA NUOVA;all'intersezione semaforizzata con;VIA VAL TROMPIA;VIA VAL TROMPIA;;;Scontro frontale/laterale DX fra veicoli in marcia;Intersezione semaforizzata;Una carreggiata a doppio senso;Asciutto;Asfaltata;Verticale ed orizzontale;Sereno;Normale;Buona;Sufficiente;0;0;0;4;;;-1;2;Autovettura privata;In marcia / fermata / arresto;Conducente;M;Illeso;0;;Non accertato;Inesistente